0.5537848605577689,0.4769874476987448,0.0,0.0,0.0,0.0108932509803921,0.0001098837793745,0.0149068332356004,0.0002244136385499,0.0431190292213487,0.053571429354128,0.0508100132488216,0.0249415427921576,0.9567901222336532,0.159547740741711,0.4322033725402185,0.0515463908575376,0.5456349,0.2611495928310797,0
0.7450199203187251,0.5104602510460251,0.0,0.0,0.0,0.0130718956862745,0.0004653899047184,0.0111801235291848,5.610336707904588e-05,0.0464756005879349,0.0608766277526247,0.0515463908575376,0.0272798114643862,0.9855967086457856,0.1469849237680235,0.4237288048333812,0.0559646571725724,0.53858024,0.2976590977017302,0
0.4143426294820717,0.5355648535564853,0.0,0.0,0.0,0.0108932478431372,0.0001874487099744,0.0186335373519542,0.000376694193558,0.0426026341627462,0.0551948028799123,0.0478645067903939,0.0249415427921576,0.9732510321940254,0.1469849237680235,0.4364406659275353,0.0500736356401057,0.5326279,0.2900368797984404,0
0.1314741035856573,0.5271966527196653,0.0,0.0,0.0,0.0196078509803921,0.0002908687209902,0.0248447164692722,0.000341963640382,0.0407952514576375,0.0568181807888134,0.0427098688312969,0.0233826958415371,1.0,0.1293969852058659,0.4385593116678038,0.0515463908575376,0.57363313,0.3311189948614322,0
0.1513944223107569,0.4184100418410041,0.0,0.0,0.0,0.0283224419607843,0.0006528385867694,0.0198757754114425,0.0003099043863463,0.0420862391041437,0.0511363632212957,0.0508100132488216,0.0241621189661069,0.9465020551287912,0.1645728645914875,0.4343220201872667,0.0522827691289928,0.56291884,0.2511504284685009,0
0.0597609561752988,0.4895397489539749,0.0,0.0,0.0,0.0196078431372549,0.0001357386643266,0.0149068332356004,0.0002244136385499,0.0387296663432894,0.0503246757278841,0.0441826200722929,0.0218238502938783,0.9670781893385154,0.1469849237680235,0.4427965917076631,0.0471281285189386,0.56150794,0.2863553826771825,0
0.099601593625498,0.2343096234309623,0.0,1.0,0.0,0.0392156862745098,0.001551301718475,0.0546583874125225,0.002297567345476,0.139426805249475,0.1428571376391466,0.1715758529339038,0.1021044356319739,0.8683127517985061,0.3090452134321106,0.2711864145001438,0.1715758529339038,0.4369392,0.1682298250875033,0
0.0517928286852589,0.4142259414225941,0.0,0.0,0.0,0.0675381333333333,0.0093401119099526,0.0596273262343275,0.0007373594237212,0.124967729665925,0.1379870199838715,0.1421207684674464,0.0943102114010845,0.9465020551287912,0.2286432069613143,0.3262711617979749,0.1421207684674464,0.36884832,0.219770362240575,0
0.0398406374501992,0.405857740585774,0.0,0.0,0.0,0.0522875882352941,0.0013961697665116,0.0310558967046026,0.0006865985871176,0.123160339989476,0.1387987001720884,0.1399116263629482,0.0904130922708311,0.9670781893385154,0.2261306467324059,0.3093220263843005,0.1399116263629482,0.38875645,0.2277324171480509,0
0.3346613545816733,0.3765690376569037,0.0,0.0,0.0,0.0522875843137254,0.0022493825441137,0.0285714250576754,0.0008789529211387,0.1484637327176989,0.1550324573455157,0.1774668698271953,0.1114575187386588,0.88888888563786,0.2952261321731143,0.2733050945624459,0.1774668698271953,0.4047922,0.1802024763000236,0
0.0677290836653386,0.5606694560669456,0.0,0.0,0.0,0.0152505474509803,3.231869519599076e-05,0.0136645951761121,0.0002698306433998,0.0273689659912925,0.0405844133881135,0.026509572706115,0.0155884645958389,0.9835390974470356,0.1118090457391858,0.4851694779113402,0.0368188492870482,0.6005291,0.363241949984478,0
0.0876494023904382,0.1841004184100418,0.0,0.0,0.0,0.0871459450980392,0.0064120345258713,0.0397515396427615,0.0005663771635193,0.1634392033598514,0.158279214624357,0.2061855581282359,0.1231488620998016,0.7942386727175731,0.3693467267651071,0.2457627113796322,0.2061855581282359,0.43507022,0.1408087231873483,0
0.7768924302788844,0.4937238493723849,0.0,0.0,0.0,0.0326797352941176,0.0007562583988311,0.014906832117588,0.0001282363092402,0.0441518228242237,0.0576298704737835,0.0486008843991098,0.0265003883398164,0.9794238657902756,0.1432160800327012,0.4364406659275353,0.0544918979787047,0.54012346,0.2961829087072697,0
0.3147410358565737,0.4393305439330544,0.0,0.0,0.0,0.0588235294117647,0.0028505114517298,0.0347826097650552,0.0006304952964995,0.1513038985686723,0.1550324573455157,0.1826214971824631,0.1145752154458233,0.866255140599756,0.3077889333176564,0.2754237364891553,0.1826214971824631,0.40736422,0.1665543989304879,0
0.0039840637450199,0.1380753138075313,0.0,0.0,0.0,0.0849673411764705,0.0041691145005448,0.05341616165117,0.0011033659970517,0.1306480753105523,0.1266233804657193,0.1671575753523006,0.0958690562472624,0.8148148069272974,0.3291457291829751,0.2923728719028297,0.1671575753523006,0.45768142,0.1440403919960502,0
0.4741035856573705,0.5230125523012552,0.0,0.0,0.0,0.0239651435294117,0.0007304037163235,0.0223602492943944,0.0003205908091671,0.0436354242799511,0.0568181807888134,0.0478645067903939,0.0265003883398164,0.9773662508878218,0.1419597976569405,0.4406779459673946,0.0530191454122301,0.52954143,0.2976981460061508,0
0.5776892430278885,0.4728033472803347,0.0,0.0,0.0,0.0196078392156862,0.0002908685639211,0.0086956485282205,7.747609730791215e-05,0.0420862391041437,0.0543831183085785,0.0486008843991098,0.0233826958415371,0.9711934172915714,0.1532663299935608,0.4279660886867998,0.0508100132488216,0.56349206,0.2791425956047325,0
0.0876494023904382,0.309623430962343,0.0,0.0,0.0,0.0566448823529411,0.0018357052505041,0.0397515552949344,0.0006946134222665,0.1252259271952262,0.1379870199838715,0.1450662802277888,0.0919719371170089,0.9444444420781892,0.2424623108333754,0.3050847425308819,0.1450662802277888,0.39975148,0.2120290127233905,0
0.545816733067729,0.4393305439330544,0.0,0.0,0.0,0.0239651411764705,0.0002650136719881,0.0099378888237336,0.0001496090466824,0.0451846136385627,0.0551948028799123,0.0544918979787047,0.0257209659167274,0.9526748979843012,0.1683417083268099,0.4216101438388755,0.0552282808893351,0.5591711,0.2483153770128618,0
0.9083665338645418,0.4728033472803347,0.0,0.0,0.0,0.0348583921568627,0.0001292747825291,0.0198757754114425,0.0002457862822192,0.0410534489869387,0.0519480507147073,0.0471281285189386,0.0241621189661069,0.9609053501867092,0.1507537686339991,0.4427965917076631,0.0500736356401057,0.5458554,0.2767458599762645,0
0.0836653386454183,0.4393305439330544,0.0,0.0,0.0,0.0152505392156862,0.0001874486645989,0.0074534138227693,9.617725717672252e-05,0.0392460634932939,0.049512986042914,0.0463917522357013,0.0218238502938783,0.9567901222336532,0.1557788924837757,0.4385593116678038,0.0486008843991098,0.57539684,0.265262822980396,0
0.4780876494023904,0.205020920502092,0.0,0.0,0.0,0.0893246274509804,0.0040656957007059,0.0645962717642067,0.0020731541974301,0.1864187974103423,0.1801947988620552,0.2334315004901951,0.1426344507362603,0.7777777683127568,0.3969849232026969,0.2161017053379056,0.2334315004901951,0.4223002,0.1398913938222765,0
0.1274900398406374,0.5774058577405857,0.0,0.0,0.0,0.021786494117647,0.0004395344368655,0.0161490683882566,0.0001095351017637,0.0379550765439218,0.0300324664770092,0.057437409739047,0.0249415427921576,0.8189300348803533,0.2185929660456806,0.4745762587438955,0.057437409739047,0.5783389,0.1010488389393472,0
0.3147410358565737,0.3514644351464435,0.0,0.0,0.0,0.0479302862745098,0.0017581400162374,0.0211180011727949,0.0003980666352551,0.1492383253056026,0.1558441594493169,0.1767304802891717,0.1137957930227344,0.88888888563786,0.2876884401798566,0.2860169461227018,0.1767304802891717,0.39043593,0.1785849276250704,0
0.3784860557768924,0.3054393305439331,0.0,0.0,0.0,0.0588235450980392,0.0022299918463711,0.036024833290383,0.0016483734166459,0.166279376182165,0.1720779166227441,0.198821795295863,0.1262665588069662,0.8765432058527662,0.3178391968463548,0.2478813533063416,0.198821795295863,0.39879107,0.1727397837858134,0
0.5737051792828686,0.3807531380753138,0.0,0.0,0.0,0.0348583788235294,0.0010600560492177,0.0583850870568268,0.0010713080991152,0.1608572210954987,0.1615259645980035,0.1973490493567816,0.1215900242684326,0.8395061690900776,0.3366833985631681,0.2542372981542658,0.1973490493567816,0.41776258,0.1566954341041886,0
0.0677290836653386,0.5313807531380753,0.0,0.0,0.0,0.0348583858823529,0.0009824894187816,0.0186335373519542,0.0002163987168415,0.0400206588697338,0.053571429354128,0.043446242463577,0.0233826958415371,0.9814814806927298,0.1369346726765107,0.4449152374479317,0.0486008843991098,0.5438712,0.3092808442084035,0
0.545816733067729,0.5104602510460251,0.0,0.0,0.0,0.0261437921568627,0.0007756494281639,0.0260869534107482,0.0001522805189416,0.0449264168063955,0.0568181807888134,0.0522827691289928,0.0257209659167274,0.9670781893385154,0.1582914583659503,0.4237288048333812,0.0544918979787047,0.5582011,0.2693333724248806,0
0.4780876494023904,0.4267782426778242,0.0,0.0,0.0,0.0675381176470588,0.0026695286392724,0.0658384952895344,0.0011033667183811,0.1412341949259239,0.1461038949179878,0.1686303411735615,0.1075603996084053,0.8786008189033682,0.2851758686444158,0.3008474396096669,0.1686303411735615,0.39658895,0.1751968246741695,0
0.3745019920318725,0.1924686192468619,0.0,0.0,0.0,0.0718954,0.0059531100020872,0.0472049568195678,0.0012396171847206,0.1833204340300676,0.1801947988620552,0.2282768930171068,0.1387373386208156,0.8024691267718331,0.3856783908660766,0.2097457604899813,0.2282768930171068,0.42569095,0.1467661934495255,0
0.5537848605577689,0.0585774058577405,0.0,0.0,0.0,0.0392156372549019,0.002559649065858,0.0248447097611981,8.549019597942538e-05,0.89233155359664,0.8603896196396946,0.9432990063085492,0.8690568435212207,0.3251028656988258,0.5954773734975131,0.3474576192006607,0.9432990063085492,0.17250364,0.0326913257110623,5
0.5617529880478087,0.0920502092050209,0.0,0.0,0.0,0.0196077929411764,0.0010883290889785,0.0111801514794936,0.0002521787032978,0.7709785753982519,0.7069805299758074,0.8527246108046789,0.745908023510272,0.1255143942348723,0.72236176681618,0.3389830324260272,0.8527246108046789,0.24777646,0.0227825080423847,5
0.2589641434262948,0.1255230125523012,0.0,0.0,0.0,0.023965174117647,0.0005719595620496,0.0086957178449864,0.0002364035612897,0.7647818556090429,0.694805217574633,0.8541973501163671,0.7373343768562937,0.0823044479500042,0.7600502493955329,0.319915236017847,0.8541973501163671,0.26204562,0.0233891930416774,5
0.6533864541832669,0.3682008368200837,0.0,0.0,0.0,0.0348584533333333,0.0008273593341947,0.0173913216527129,0.0003419631715179,0.6511748381463932,0.577110384926052,0.7820323948303948,0.5837879630931265,0.0925925965363513,0.9434673383168986,0.0,0.7820323948303948,0.33041757,0.0598963924500261,5
0.904382470119522,0.0376569037656903,0.0,0.0,0.0,0.0413943019607843,0.00085629714253,0.0186335384699665,0.0005429975073741,0.8714175328092187,0.8327922010325308,0.93151695926718,0.8448947203462285,0.2818929749695156,0.636934673807164,0.3220338779445563,0.93151695926718,0.18889166,0.0339044362524755,5
0.4900398406374502,0.0753138075313807,0.0,0.0,0.0,0.0392157372549019,0.0012410332769979,0.0236024348073021,0.0006545462939105,0.8954298960628937,0.8709415351384615,0.9469808545877698,0.8643803159974959,0.3806584236206365,0.5992462025343434,0.2838982851281961,0.9469808545877698,0.16561614,0.0481519708857918,5
0.6175298804780877,0.0878661087866108,0.0,0.0,0.0,0.0305009239215686,0.0002844069875482,0.0583850535164563,0.0007507148374282,0.950167883816201,0.9480520296424348,0.9698085790146644,0.931410812738556,0.5308641892775489,0.449748721929371,0.3813559281636024,0.9698085790146644,0.113055356,0.0463678321736123,5
0.0796812749003984,0.3305439330543933,0.0,0.0,0.0,0.0261438407843137,7.756444368585912e-05,0.0173913216527129,0.0004060816363097,0.7911180105691097,0.7735389263511451,0.8519882411488349,0.7435697351965788,0.4711933719211992,0.6206029757865973,0.1546609941243538,0.8519882411488349,0.17969723,0.0802715085872262,5
0.0278884462151394,0.1171548117154811,0.0,1.0,0.0,0.0544662980392156,0.0019714417053929,0.040993787764361,0.0005049298536018,0.7903434249525462,0.7491883380747699,0.8748158993017975,0.7404520735634583,0.2921810680003047,0.741206025065655,0.1355931977161736,0.8748158993017975,0.22295359,0.0616752864207955,5
0.4820717131474104,0.0,0.0,0.0,0.0,0.0392156862745098,0.0005429628702728,0.0645963053045773,0.003644049335468,1.0,1.0,1.0,1.0,0.5288065780787987,0.3618090460783817,0.5317796441548766,1.0,0.09277301,0.001724018778843,5
0.1713147410358565,0.2845188284518828,0.0,0.0,0.0,0.0174291776470588,0.0006008150487507,0.0173913216527129,0.000291190865777,0.751097358670716,0.6858765894003523,0.8387334547957772,0.7209664779121908,0.1234567274805643,0.7474874030248614,0.2987287976829575,0.8387334547957772,0.2580791,0.0283522010280101,5
0.0239043824701195,0.0292887029288702,0.0,0.0,0.0,0.0501089647058823,0.0012733526772594,0.0211180302411161,0.0002698342788999,0.966434251477436,0.9740260148212172,0.9779087115028814,0.9469991910522464,0.5987654143918603,0.4120603071892121,0.3749999833156781,0.9779087115028814,0.096352234,0.0586259789388605,5
0.7450199203187251,0.1297071129707113,0.0,0.0,0.0,0.0305011215686274,0.0009499708898694,0.0372671060082542,0.0009124153916688,0.7593597214363973,0.6988636112105227,0.8365242795543131,0.7357754758916453,0.1563785251790853,0.6959798957191738,0.3516949030540793,0.8365242795543131,0.24193405,0.0223434323763521,5
0.601593625498008,0.0292887029288702,0.0,0.0,0.0,0.0305010745098039,0.0007948076113567,0.0124223973650684,0.0001963201813826,0.7815647298703248,0.7102272507286749,0.8645065915721163,0.7622758733507131,0.0658435583600033,0.7311557615369566,0.385593212017021,0.8645065915721163,0.2546684,0.0140793137224359,5
0.4741035856573705,0.2635983263598326,0.0,0.0,0.0,0.0130719450980392,0.0001551305034377,0.0111801514794936,5.610352865682985e-05,0.710043902712437,0.6509740490992366,0.8166421000247267,0.6539360513192188,0.1851851930727026,0.8341708779071227,0.0889830181251798,0.8166421000247267,0.2767844,0.0575248241672643,5
0.5657370517928287,0.0543933054393305,0.0,0.0,0.0,0.0501089137254901,0.0015836148359745,0.0198757566288349,0.0008228557113274,0.8897495783036277,0.8595778956203093,0.9388807220995528,0.8667186323704245,0.3395061255715572,0.5854271099688146,0.34957626112737,0.9388807220995528,0.16939692,0.0336735193691914,5
0.7171314741035857,0.0669456066945606,0.0,0.0,0.0,0.0283224078431372,0.000807969962813,0.0111801235291848,0.0001843392103405,0.9625613931080216,0.968344180451752,0.9712813183263528,0.9477786064605266,0.5864197471993596,0.3969849232026969,0.4131355761320384,0.9712813183263528,0.09626316,0.04937440335275,5
0.4223107569721115,0.0418410041841004,0.0,0.0,0.0,0.0261435905882352,0.0009012235155404,0.0260869534107482,0.0002944814983338,0.8838110421010394,0.8457792301478959,0.9403534614112412,0.8604831968672424,0.2818929749695156,0.6218592672075839,0.3474576192006607,0.9403534614112412,0.18402189,0.0297594596648714,5
0.896414342629482,0.301255230125523,0.0,0.0,0.0,0.0348584039215686,0.0009049247080784,0.023602405738981,0.0003660071143275,0.6318099885920989,0.5446428851895869,0.774668598861056,0.5643023674418591,0.0,1.0,0.0,0.774668598861056,0.36206177,0.0540963570934266,5
0.3665338645418327,0.0753138075313807,0.0,0.0,0.0,0.0479303490196078,0.0021459756117141,0.0310559369530473,0.0011354315410798,0.8956881145062159,0.8693181747620278,0.946244418657994,0.8674980056898516,0.3662551081923471,0.5942211046895912,0.3072033653897947,0.946244418657994,0.16648434,0.0432162615005087,5
0.2350597609561753,0.1715481171548117,0.0,0.0,0.0,0.0283224549019607,0.0010406716342371,0.0173912948204164,0.000534320131178,0.7782081341040477,0.7378246693358387,0.8564065253578311,0.7342166380602761,0.3024690869570167,0.7060301592478722,0.1843220001660804,0.8564065253578311,0.21837935,0.0558324962287437,5
0.7091633466135459,0.3765690376569037,0.0,0.0,0.0,0.0174293274509803,0.000672233019265,0.0136645580581019,0.000237773841884,0.9406144985473122,0.923701258736191,0.9756996025353488,0.9197193711700896,0.4218106661141579,0.5263819106698694,0.3644067546143351,0.9756996025353488,0.14110672,0.0374759383588322,5
0.4422310756972111,0.0794979079497908,0.0,0.0,0.0,0.0217865588235294,0.0004749844850683,0.0273292015323477,0.0005194166724613,0.7895688393359827,0.7362013089594049,0.862297482604584,0.7638347111820822,0.1995884714639534,0.6809045230391908,0.3326271066458992,0.862297482604584,0.22538376,0.0269914593555984,5
0.4063745019920319,0.2217573221757322,0.0,0.0,0.0,0.0261437921568627,0.0012202614187453,0.0298136060985337,0.0006628555107978,0.7583269173765119,0.7037337800021609,0.8365242795543131,0.7279812867348001,0.2016460826627035,0.701004993563926,0.2966101557562483,0.8365242795543131,0.2367968,0.032526255351559,5
0.6892430278884463,0.1631799163179916,0.0,0.0,0.0,0.0392157372549019,0.0013265620866029,0.0211180302411161,0.0006871233758908,0.7490317505509451,0.6915584164646232,0.8335788009309367,0.7147310494238176,0.1831275633554333,0.7311557615369566,0.2648305077878123,0.8335788009309367,0.2473368,0.0358893762833052,5
0.3147410358565737,0.1213389121338912,0.0,0.0,0.0,0.023965125490196,0.0010019823859277,0.0161490757671381,0.0005570123604119,0.7717531958715166,0.7029220559827755,0.8549337197722112,0.7498050935368638,0.0884773556203318,0.7298994927290348,0.3644067546143351,0.8549337197722112,0.2540513,0.0178391446705208,5
0.2629482071713147,0.2510460251046025,0.0,0.0,0.0,0.0653594745098039,0.0015513031146443,0.0335403415192334,0.0002163977069804,0.8781306546283705,0.8441558697714621,0.9337260682347124,0.8519095291688377,0.3148148097050752,0.6155779005549098,0.3241525389390621,0.9337260682347124,0.17967218,0.0354330096500092,5
0.3625498007968127,0.1882845188284518,0.0,0.0,0.0,0.0174291274509803,5.170958491187728e-05,0.0186335384699665,0.0004087540679371,0.8783888730716926,0.846590873810139,0.932253328923024,0.8519095291688377,0.3312756807765568,0.6067839058341333,0.3220338779445563,0.932253328923024,0.17606053,0.0378376772548853,5
0.2629482071713147,0.0878661087866108,0.0,0.0,0.0,0.0370370196078431,0.0018548844285932,0.0397515687110826,0.0009456062095496,0.8799380443048194,0.8409091124926208,0.9425626366527052,0.8511301558494105,0.2757201598917846,0.6520100351806145,0.3029660815363762,0.9425626366527052,0.19062504,0.0365471928781823,5
0.4940239043824701,0.1464435146443514,0.0,1.0,0.0,0.0239650760784313,0.0010673990970972,0.0484472317734638,0.0005638885771142,0.8683191903429649,0.8238636459101977,0.9344624378905564,0.8409976082307837,0.2386831212772441,0.6670853965540651,0.3156779521644284,0.9344624378905564,0.20012376,0.0321101045799584,5
0.398406374501992,0.4602510460251046,0.0,1.0,0.0,0.0261437921568627,0.001471691619703,0.0335403705875546,0.0006406804098189,0.023754197095405,0.0081168837003499,0.0397643590591726,0.0218238502938783,0.7654320881572927,0.1972361780949345,0.565677949304259,0.0397643590591726,0.8435185,0.0021841660737916,2
0.0796812749003984,0.4644351464435146,0.0,0.0,0.0,0.017429194117647,0.0007045187369414,0.0099378877057212,0.0002911910821758,0.0038729671223227,0.0,0.0081001470684819,0.0031176928490197,0.8621399144985519,0.1319095476960809,0.5762711696157715,0.0081001470684819,0.5555556,0.0160099160083389,2
0.1752988047808765,0.3263598326359833,0.0,0.0,0.0,0.0305010862745098,0.0005946649926596,0.017391302199298,0.0003419634961162,0.0160082635478935,0.000811688296983,0.0427098688312969,0.0023382696543018,0.7716049347165064,0.250000002826633,0.4703389653565787,0.0427098688312969,0.9861111,0.0754363573888371,2
0.0677290836653386,0.3179916317991632,0.0,0.0,0.0,0.0610021764705882,0.0034251754461284,0.0422360179977628,0.001260130133593,0.0203976257288187,0.0089285711937615,0.0375552268957641,0.0132501938191677,0.798353904374333,0.2022613019447111,0.5233050669141411,0.0375552268957641,0.86277056,0.0558679677307184,2
0.2031872509960159,0.3807531380753138,0.0,0.0,0.0,0.0283224419607843,0.0008855330504694,0.0186335384699665,0.0004087534187406,0.0201394268052494,0.004870130074106,0.041973491222581,0.0116913475700281,0.7695473198140526,0.2261306467324059,0.5127118477466964,0.041973491222581,0.89973545,0.0498956157464484,2
0.2111553784860557,0.3347280334728033,0.0,0.0,0.0,0.0566448745098039,0.0026889191624938,0.0186335384699665,0.0001843398523236,0.0227214048867979,0.0040584418501749,0.0530191454122301,0.0085736550717488,0.7427983464525221,0.2701004959644328,0.46610168150316,0.0530191454122301,0.94481075,0.0637944584729437,2
0.3147410358565737,0.3179916317991632,0.0,0.0,0.5,0.9564270980392158,1.0,1.0,1.0,0.4701781400519951,0.4293831296316304,0.5235640609457727,0.4528449118364797,0.4115226101204075,0.5012562857677204,0.4173728599854569,0.5235640609457727,0.30628127,0.020167809856589,2
0.5537848605577689,0.4728033472803347,0.0,0.0,0.0,0.0392156862745098,0.0007756497946583,0.0248447209413216,0.0007587314759005,0.0175574487237009,0.001623376593966,0.0405007353424099,0.0085736550717488,0.7654320881572927,0.2311557784967551,0.5084745619864982,0.0405007353424099,0.97376543,0.0488313780239293,2
0.2709163346613545,0.5355648535564853,0.0,0.0,0.0,0.1111110901960784,0.0030947119388533,0.0472049679996914,0.0012038173184262,0.1260005197831299,0.1168831159343902,0.1494845312998193,0.1098986738924809,0.7777777683127568,0.2613065351632533,0.4449152374479317,0.1583210665808463,0.38661182,0.153472049392343,2
0.0318725099601593,0.2887029288702928,0.0,0.0,0.0,0.1154684078431372,0.0239998942401732,0.3726707693993311,0.0515830583385245,0.1647301910063575,0.1266233804657193,0.2098674461718155,0.153546378689123,0.5432098379515301,0.3819095279096492,0.483050830264292,0.2098674461718155,0.5142537,0.0184282792453777,2
0.0199203187250996,0.2928870292887029,0.0,0.0,0.5,0.1612200392156862,0.0152544501152188,0.1279503200030857,0.0205632327444304,0.0870126580019413,0.0560064918343628,0.1251841006982025,0.0763834746256126,0.6255143784941309,0.326633146341002,0.491525409411807,0.1251841006982025,0.6281558,0.0263885179526479,2
0.2908366533864542,0.4937238493723849,0.0,0.0,0.0,0.008714596862745,5.170998805577138e-05,0.0024844718705296,2.1372726622219314e-05,0.0036147688958874,0.0,0.0103092785691511,0.0,0.864197525697302,0.1444723624084618,0.5529660843965457,0.0103092785691511,1.0,0.0809052512630514,2
0.1593625498007968,0.2677824267782426,0.0,0.0,0.5,0.603485843137255,0.0333968188979895,0.5950310611781949,0.0228759446169062,0.3834237144360563,0.3465908957257232,0.4337260350977464,0.3655494741839602,0.4732510201569879,0.4635678371079644,0.4173728599854569,0.4337260350977464,0.29780185,0.0322831439811802,2
0.1394422310756972,0.5606694560669456,0.0,0.0,0.0,0.0108932470588235,0.0003425785746646,0.0285714272937001,0.0014880757038083,0.0059385494481347,0.002435064964001,0.0095729009604351,0.0054559625734695,0.864197525697302,0.1293969852058659,0.5783898138306164,0.0095729009604351,0.25185186,0.0,2
0.3705179282868526,0.5564853556485355,0.0,0.0,0.0,0.0174291929411764,0.0002068398579816,0.0111801228583774,0.0001202215895041,0.0080041317739467,0.0,0.0228276873134927,0.0,0.8292181019852154,0.1871859292647281,0.516949137320454,0.0228276873134927,1.0,0.0809052512630514,2
0.0677290836653386,0.3305439330543933,0.0,0.0,0.0,0.0413943333333333,0.0006528385867694,0.014906832117588,0.0001602954550766,0.0196230317466469,0.0040584418501749,0.045655375952464,0.0070148088226092,0.7674897049115985,0.2474874312911922,0.4788135387837549,0.045655375952464,0.9261464,0.0679458473592328,2
0.2669322709163346,0.3849372384937238,0.0,0.0,0.0,0.026143794117647,0.0010083444503316,0.0248447164692722,0.0006946137612913,0.0149754706421524,0.000811688296983,0.0375552268957641,0.0046765394488997,0.7798353850670626,0.2286432069613143,0.497881335191935,0.0375552268957641,0.9876543,0.0640274510136056,2
0.1752988047808765,0.405857740585774,0.0,0.0,0.5,1.0,0.0223306830549022,0.6099378776436101,0.0114914848507843,0.3472760324485215,0.3051948189513407,0.405007353424099,0.326578331985087,0.4465020560547172,0.4924623136600085,0.3961864216505675,0.405007353424099,0.35897508,0.0315905786578795,2
0.2310756972111553,0.3682008368200837,0.0,0.0,0.0,0.0305010921568627,0.0014478794282128,0.0223602457167549,0.00025647270504,0.0142008787513827,0.000811688296983,0.0368188492870482,0.0031176928490197,0.7860082242188687,0.2286432069613143,0.491525409411807,0.0368188492870482,0.9861111,0.0706478343508286,2
0.2629482071713147,0.5230125523012552,0.0,0.0,0.0,0.2636165882352941,0.0064718535753453,0.0596273262343275,0.0023062496988449,0.1081848693473236,0.0657467527130945,0.1678939648903242,0.0857365507174886,0.5308641892775489,0.4422110525491781,0.3940677797238582,0.1678939648903242,0.66081303,0.0414092534918626,2
0.896414342629482,0.4142259414225941,0.0,0.0,0.0,0.0130718956862745,0.0001551298926136,0.0111801228583774,0.0001522806415676,0.0116188999727002,0.000811688296983,0.0294550824782394,0.0031176928490197,0.8065843584285931,0.2035175820591653,0.5127118477466964,0.0294550824782394,0.9777778,0.0694912669403062,2
0.9163346613545816,0.4728033472803347,0.0,0.0,0.0,0.135076262745098,0.0261135410274828,0.040993787764361,0.0046405538453637,0.0209140207874212,0.0105519476416238,0.0390279827759353,0.0116913475700281,0.8065843584285931,0.2072864337090603,0.5063559162462297,0.0390279827759353,0.895369,0.0763570040991824,2
0.4063745019920319,0.4769874476987448,0.0,0.0,0.0,0.0370370392156862,0.001444614922537,0.0186335413767986,0.0004985934076841,0.012393493954872,0.0032467532609841,0.0257731950973991,0.0070148088226092,0.8189300348803533,0.1809045230391908,0.538135577562123,0.0257731950973991,0.9238095,0.0543726975145059,2
0.0,0.2928870292887029,0.0,0.0,0.0,0.4771241960784314,0.4667665276780098,0.2062111623471327,0.1481343392319804,0.1487219302470001,0.1022727264425915,0.2025036767120495,0.13639906433674,0.4855966873494885,0.4221105367983135,0.4745762587438955,0.2025036767120495,0.5952822,0.0171503600088727,2
0.9123505976095616,0.4728033472803347,0.0,0.0,0.0,0.0108932470588235,0.0001874486995031,0.0062111802353304,0.0001095351883232,0.0046475604073605,0.0,0.0132547863530575,0.0,0.8559670734948939,0.1545226123693215,0.5444915090625899,0.0132547863530575,1.0,0.0809052512630514,2
0.2270916334661354,0.4100418410041841,0.0,0.0,0.0,0.0348583882352941,0.0004395344368655,0.063354032586706,0.0012102298645949,0.0299509412843049,0.0105519476416238,0.0559646571725724,0.0210444264678276,0.7345679016575217,0.250000002826633,0.5084745619864982,0.0559646571725724,0.8644824,0.0458058664712188,2
0.2310756972111553,0.4560669456066946,0.0,0.0,0.0,0.0849673215686274,0.0034661010086625,0.0322981269380045,0.0013487694697623,0.1329718600456037,0.077110384926052,0.2194403444812934,0.0950896268093647,0.4197530734339272,0.5854271099688146,0.2669491497145217,0.2194403444812934,0.6812664,0.0555404215834342,2
0.5537848605577689,0.4769874476987448,0.0,0.0,0.0,0.0261437870588235,0.0003878248973291,0.0596273262343275,0.002725022382851,0.0273689659912925,0.0113636365960743,0.0515463908575376,0.0171473101434977,0.7613168657597924,0.2399497392979346,0.497881335191935,0.0515463908575376,0.85319865,0.054988148459689,2
0.50199203187251,0.5523012552301255,0.0,0.0,0.0,0.0588235294117647,0.0002133035041755,0.0198757740698276,0.0004381408470657,0.0291763486964012,0.0064935065219682,0.0625920503491012,0.0155884645958389,0.7098765302354818,0.2876884401798566,0.4703389653565787,0.0625920503491012,0.915376,0.0506938357368117,2
0.0876494023904382,0.4937238493723849,0.0,0.0,0.0,0.0196078431372549,0.0001357387149378,0.0086956512114502,0.0001095352099631,0.0036147688958874,0.0,0.0103092785691511,0.0,0.864197525697302,0.1444723624084618,0.5529660843965457,0.0103092785691511,0.7777778,0.0809052512630514,2
0.7569721115537849,0.4518828451882845,0.0,0.0,0.0,0.0435729686274509,0.0022580621797972,0.0211180436572643,0.0005570119997472,0.277820820381745,0.2646103712288119,0.3195876117850691,0.2462977241996032,0.6913580109282116,0.3932160602462696,0.3114406683110098,0.3195876117850691,0.27171725,0.0972872659216774,1
0.8685258964143426,0.2887029288702928,0.0,0.0,0.0,0.0501088901960784,0.00057527324779,0.014906832117588,0.0006732396605366,0.2767880372358803,0.2654220952481972,0.3195876117850691,0.2424006261137762,0.7057613078379816,0.3982411920106188,0.2881355689816147,0.3195876117850691,0.28296396,0.105321802043481,1
0.5378486055776892,0.1422594142259414,0.0,0.0,0.0,0.0479302745098039,0.0026953151887167,0.0459627243501413,0.001100974501583,0.3699974289697113,0.3514610279913877,0.4226804239861529,0.3320342749170919,0.6172839336991305,0.4723617866026116,0.2542372981542658,0.4226804239861529,0.25936732,0.0898917913477297,1
0.2589641434262948,0.6234309623430963,0.0,0.0,0.0,0.1176470862745098,0.0070584160738182,0.0621118023533042,0.0003099043863463,0.1593080359196913,0.1331168731078175,0.2091310698885782,0.1317225297982063,0.6358024530064008,0.4045225925828898,0.34957626112737,0.2091310698885782,0.4260139,0.0726896140350318,1
0.7529880478087649,0.3933054393305439,0.0,0.0,0.0,0.0740740901960784,0.0040075265743379,0.0484471870529697,0.0012102318121842,0.3188742623973435,0.3011363449583089,0.3733431401079297,0.2782540926499113,0.6419753051211704,0.4685929688723136,0.2351695017460857,0.3733431401079297,0.29599184,0.0991253346603703,1
0.1434262948207171,0.2803347280334728,0.0,0.0,0.0,0.0392157098039215,0.0003102591045947,0.0571428747116226,0.002073153187569,0.3054479908736791,0.3003246647700919,0.3438880755236519,0.2696804179366978,0.7427983464525221,0.3831658080241035,0.2754237364891553,0.3438880755236519,0.25891644,0.1195130159377684,1
0.7848605577689243,0.4853556485355648,0.0,0.0,0.0,0.0958605647058823,0.0076530794957874,0.1913043235214706,0.0429484930419124,0.2840175610849748,0.2775974003441769,0.3195876117850691,0.2525331176139324,0.740740735253772,0.363065326192836,0.3114406683110098,0.3195876117850691,0.24899939,0.1153847743377731,1
0.7569721115537849,0.3765690376569037,0.0,0.0,0.0,0.0435730196078431,0.0013601542697301,0.0248447231773463,0.0008557433544644,0.31396850934062,0.2849025950900763,0.3784977807179839,0.2735775440817601,0.5576131718983388,0.5188441847570147,0.237288143672795,0.3784977807179839,0.32273299,0.0809223939690737,1
0.9641434262948207,0.4560669456066946,0.0,0.0,0.0,0.1742919490196078,0.00760868480151,0.0347825874048082,0.0013228017558888,0.333591542481535,0.3271104031890389,0.3733431401079297,0.2977396532271347,0.7222222159465017,0.3969849232026969,0.2733050945624459,0.3733431401079297,0.2453213,0.114942381326467,1
0.9123505976095616,0.4435146443514644,0.0,0.0,0.0,0.1285403372549019,0.0016212282311023,0.0322981090498068,0.0006208216922791,0.2721404677657775,0.2451298786921276,0.3298969195147502,0.2369446691521537,0.5884773398795904,0.4736180554105335,0.2817796432014868,0.3298969195147502,0.33502588,0.0787110590228186,1
0.5976095617529881,0.3263598326359833,0.0,0.0,0.0,0.3289760392156863,0.0079883870125536,0.0161490630217973,0.0002810893545342,0.2210173011934098,0.1996753279247132,0.2717231202376795,0.1878410003790802,0.6502057499161707,0.4246231196402867,0.3008474396096669,0.2717231202376795,0.35127252,0.089773812464986,1
0.6972111553784861,0.3723849372384937,0.0,0.0,0.0,0.0762527098039215,0.0013509243688092,0.0322981403541527,0.000470199574531,0.3860056897290687,0.3676947924700098,0.4432989731715834,0.3429462168995723,0.6131687113016303,0.5000000056532661,0.2118643833488941,0.4432989731715834,0.26862052,0.0972520168115645,1
0.4661354581673306,0.4811715481171548,0.0,0.0,0.0,0.0261437921568627,0.0006980842113493,0.0409937922364104,0.0015308213950914,0.1432997681889936,0.1176947961226071,0.1899852666422292,0.1184723345760768,0.6460905275186706,0.3844221107516223,0.3728813413889688,0.1899852666422292,0.437078,0.0689684607382642,1
0.1633466135458167,0.1924686192468619,0.0,0.0,0.0,0.0544662980392156,0.0017026765613187,0.0223602191080609,0.000263392251999,0.4580428840601978,0.4342532326765159,0.5265095395691491,0.4084177425278957,0.5452674491502802,0.5753768464401161,0.1546609941243538,0.5265095395691491,0.26677614,0.0927091441176917,1
0.8605577689243028,0.5732217573221757,0.0,0.0,0.0,0.0806100235294117,0.004453525362463,0.0236024772917715,0.0003660081602551,0.2026852626703412,0.1566558469427285,0.2754050149086523,0.1699142495739906,0.469135760722449,0.5326632886290757,0.3050847425308819,0.2754050149086523,0.4837708,0.0542967506936634,1
0.0517928286852589,0.5648535564853556,0.0,1.0,0.0,0.0348583921568627,0.0008273591247693,0.0248447209413216,0.0005343180393228,0.0738445630935573,0.0584415579671951,0.1038291619747484,0.0568979000187716,0.7489711856043282,0.2814070283010531,0.4406779459673946,0.1038291619747484,0.48786426,0.0782151251707576,1
0.0836653386454183,0.3179916317991632,0.0,0.0,0.0,0.0740741137254901,0.0021972953058692,0.0260869534107482,0.0004498287491888,0.446423995241642,0.4074675453939322,0.5324006028541929,0.392829294066117,0.4341563333066586,0.6620602987093129,0.1228813652237143,0.5324006028541929,0.30969977,0.0789263714104587,1
0.5139442231075697,0.0878661087866108,0.0,0.0,0.0,0.0435729921568627,0.0018273081645888,0.018633553451332,0.0006035064831643,0.4146656363955271,0.396103876655001,0.4698085458776985,0.3741231278527473,0.6008230255906104,0.496231120083774,0.2309321797570742,0.4698085458776985,0.24900064,0.0905372651942707,1
0.6414342629482072,0.6192468619246861,0.0,0.0,0.0,0.0849673215686274,0.0016759682957868,0.0496894396466186,0.0010499041641768,0.1820294324408809,0.1842532363291133,0.1958762835355207,0.165237715035457,0.8436213933394296,0.2261306467324059,0.4364406659275353,0.1958762835355207,0.20284556,0.134991137406313,1
0.5936254980079682,0.6150627615062761,0.0,0.0,0.0,0.0849673333333333,0.0028505131969415,0.0310559011766521,0.0003018893852917,0.0588690994227451,0.0511363632212957,0.0810014706848198,0.0428682753587443,0.8127571920248433,0.2374371790690262,0.4491525270216893,0.0810014706848198,0.50308645,0.1088796455829853,1
0.6454183266932271,0.2384937238493724,0.0,0.0,0.0,0.0718954509803921,0.0038588549596472,0.0347826142371047,0.0006946134222665,0.3958172237278768,0.3798701267867684,0.4521354753156444,0.3515198565387417,0.6275720082114002,0.4974874115047606,0.2012711737153477,0.4521354753156444,0.26505277,0.1013073694788185,1
0.7410358565737052,0.2887029288702928,0.0,0.0,0.0,0.052287556862745,0.0012410399088022,0.0298136642351761,0.0005129435346236,0.2824683898518479,0.2759740399677431,0.3159057502510622,0.2533125330222124,0.740740735253772,0.3517587938562157,0.3305084647191899,0.3159057502510622,0.24472968,0.1090187702252657,1
0.5537848605577689,0.2594142259414226,0.0,0.0,0.0,0.067538094117647,0.0014446160569246,0.0173912948204164,0.0007239952097957,0.3227472253368622,0.333603903136332,0.3387334216588113,0.2954013859578678,0.8580246883973479,0.2726130674998736,0.3432203353472422,0.3387334216588113,0.1761556,0.1574092193176466,1
0.9362549800796812,0.4435146443514644,0.0,0.0,0.0,0.0305011215686274,0.0007045193652176,0.0285714317657495,0.0005358523574342,0.319907066457229,0.2889610471675239,0.3873343027442246,0.2782540926499113,0.5411522452712993,0.5351758827775813,0.2266949149714521,0.3873343027442246,0.33047688,0.0799628657482044,1
0.4422310756972111,0.3305439330543933,0.0,0.0,0.0,0.2897603921568627,0.0121214648119953,0.0285714161135766,0.0006346358065602,0.4544281395640013,0.4212662400871246,0.5287187148106133,0.4076383271196156,0.475308631355738,0.6042713682182895,0.1779661125215453,0.5287187148106133,0.27834544,0.0782332501075033,1
0.7808764940239044,0.4602510460251046,0.0,0.0,0.0,0.8496731764705882,0.0303017610581846,0.0211180092224839,0.0006526017052803,0.2860831482907249,0.2735389482667293,0.3276877641554656,0.2540919484304926,0.6934156221269617,0.3944723403607238,0.3072033653897947,0.3276877641554656,0.28057775,0.0992264673595742,1
0.5577689243027888,0.0251046025104602,0.0,1.0,1.0,0.1459695137254902,0.0077649749631934,0.1118012352918487,0.0016727657471255,0.3108701459603453,0.2946428742317948,0.3578792315325535,0.276695226759307,0.6563785835124212,0.4283919373705847,0.2881355689816147,0.3578792315325535,0.26818594,0.0928304959436744,1
0.3107569721115538,0.0711297071129707,0.0,0.0,0.0,0.1677559607843137,0.0065653049478146,0.0186335384699665,0.0004748371454629,0.4350632621243459,0.3904220642011196,0.5243004637385827,0.3834762249890499,0.395061683493368,0.675879368661777,0.1398305197051851,0.5243004637385827,0.32455578,0.0716181300443455,1
0.6693227091633466,0.3807531380753138,0.0,0.0,0.0,0.0392156862745098,0.0006205184709711,0.0198757843555413,0.0002137266530922,0.4058869064566044,0.3904220642011196,0.4617084133894814,0.3616523760981332,0.6275720082114002,0.4974874115047606,0.2012711737153477,0.4617084133894814,0.25975996,0.1010708001357109,1
0.8247011952191236,0.2259414225941422,0.0,0.0,0.0,0.0544661725490196,0.0021584427057482,0.5913043235214706,0.0184209327770056,0.395300821697934,0.3847402663576277,0.4270986419212176,0.3717848675982894,0.6687242692234411,0.3718592756874832,0.3707626994622595,0.4270986419212176,0.19713038,0.1038085736844192,1
0.749003984063745,0.5564853556485355,0.0,0.0,0.0,0.0,0.0,0.0,0.0,0.0,0.0,0.0,0.0,0.8930041121094344,0.1092964830228403,0.5826271018789502,0.0,0.0,0.4690522913506116,6
0.749003984063745,0.5439330543933054,0.0,0.0,0.0,0.0,0.0,0.0,0.0,0.0,0.0,0.0,0.0,0.8930041121094344,0.1092964830228403,0.5826271018789502,0.0,0.0,0.4690522913506116,6
0.8326693227091634,0.5941422594142259,0.0,0.0,0.0,0.0,0.0,0.0,0.0,0.0,0.0,0.0,0.0,0.8930041121094344,0.1092964830228403,0.5826271018789502,0.0,0.0,0.4690522913506116,6
0.2231075697211155,0.3263598326359833,0.0,0.0,0.0,0.067538125490196,0.0022804302086365,0.1378881864665722,0.0033927197089984,0.1185127844620537,0.0949675316966921,0.1627393176528768,0.0943102114010845,0.6707818804221912,0.365577875115212,0.3792372671690966,0.1627393176528768,0.47748852,0.0743537352724001,6
0.9641434262948207,0.3472803347280335,0.0,0.0,0.0,0.0261437882352941,0.0005429547550386,0.0049689435174569,2.1372723736901743e-05,0.008262329303248,0.001623376593966,0.0213549340842788,0.0007794231947179,0.8395061690900776,0.1783919571570163,0.5211864230806523,0.0213549340842788,0.9777778,0.0851962281079999,6
0.9083665338645418,0.3891213389121339,0.0,0.0,0.0,0.0196078372549019,0.0009558914157226,0.063354032586706,0.001472407924467,0.1378776270450078,0.1193181857198199,0.1730485922455921,0.1184723345760768,0.7016460854404813,0.3241205974186259,0.4173728599854569,0.1730485922455921,0.37553233,0.0704820412177741,6
0.896414342629482,0.502092050209205,0.0,0.0,0.0,0.0,0.0,0.0,0.0,0.0,0.0,0.0,0.0,0.8930041121094344,0.1092964830228403,0.5826271018789502,0.0,0.0,0.4690522913506116,6
0.7768924302788844,0.3514644351464435,0.0,0.0,0.0,0.0675381176470588,0.0019612976626031,0.0298136664712008,0.0009124174835241,0.0531887440182414,0.049512986042914,0.0714285723753418,0.0374123148897173,0.8456790063900318,0.2160804058167721,0.4512711689483986,0.0714285723753418,0.51256585,0.1448682642346684,6
0.1673306772908366,0.5899581589958159,0.0,0.0,0.0,0.076252725490196,0.0029797887037335,0.0273291903522242,0.0005984364319816,0.0105861098554952,0.0073051947458993,0.0191458019208703,0.0046765394488997,0.864197525697302,0.1557788924837757,0.5338982879883656,0.0191458019208703,0.64867723,0.1107717926094329,6
0.2111553784860557,0.5104602510460251,0.0,0.0,0.0,0.0610021843137254,0.0017581391436316,0.0111801248707996,0.0002484577977582,0.0374386793939172,0.0267857143118042,0.0596465385887589,0.0241621189661069,0.798353904374333,0.2324120586112093,0.4724576130036269,0.0596465385887589,0.6304714,0.0895034580915231,6
0.6215139442231076,0.309623430962343,0.0,0.0,0.0,0.0479302862745098,0.002166271376225,0.0049689462006865,0.0001241643326851,0.1319390699283987,0.1063311639096496,0.1782032461104326,0.1075603996084053,0.6502057499161707,0.3793969902938055,0.3771186252423874,0.1782032461104326,0.45902446,0.068577829432818,6
0.3784860557768924,0.3472803347280335,0.0,0.0,0.0,0.0283224549019607,0.0004977088337727,0.0099378924013731,0.0003099048624237,0.1409759834539422,0.1168831159343902,0.1907216561802528,0.1114575187386588,0.6584361947111713,0.3994974721250729,0.3347457485726085,0.1907216561802528,0.45154575,0.0826662612215922,6
0.601593625498008,0.602510460251046,0.0,0.0,0.0,0.0196078431372549,0.0010665181142499,0.2409937788202621,0.095076544589842,0.0508649620717261,0.0389610398623292,0.0729013249418164,0.0389711583329334,0.7839506074645629,0.2349246188401177,0.483050830264292,0.0729013249418164,0.5,0.0769815545780486,6
0.8247011952191236,0.0962343096234309,0.0,0.0,0.0,0.0675381333333333,0.0030209284037386,0.0099378888237336,0.0003619979583492,0.1006971409975876,0.07873376721807,0.1391752567071041,0.0810600091641462,0.6893003997294614,0.3316582781053512,0.4173728599854569,0.1391752567071041,0.479958,0.068305380869322,6
0.8804780876494024,0.2133891213389121,0.0,0.0,0.0,0.0108932478431372,0.0004379158403089,0.014906832117588,0.0004023383118526,0.0446682164885582,0.0300324664770092,0.0758468367021587,0.0257209659167274,0.7654320881572927,0.2801507481865989,0.4258474467600905,0.0758468367021587,0.68080807,0.0920698601779739,6
0.4860557768924303,0.5899581589958159,0.0,0.0,0.0,0.0,0.0,0.0,0.0,0.0,0.0,0.0,0.0,0.8930041121094344,0.1092964830228403,0.5826271018789502,0.0,0.0,0.4690522913506116,6
0.0756972111553784,0.5146443514644351,0.0,0.0,0.0,0.0261437921568627,0.000155130110765,0.0136645965177269,0.0001736533573699,0.0206558225609859,0.0081168837003499,0.0427098688312969,0.0093530788977995,0.7901234540237767,0.2273869381533924,0.4894067617647588,0.0427098688312969,0.8292328,0.073733150781738,6
0.8844621513944223,0.2133891213389121,0.0,0.0,0.0,0.0130718980392156,0.0005203216459998,0.0099378870349138,0.0003619980449088,0.0449264168063955,0.0300324664770092,0.0758468367021587,0.0265003883398164,0.7633744769585425,0.2788944680721447,0.4300847306135091,0.0758468367021587,0.6703704,0.0893705789540314,6
0.7290836653386454,0.5606694560669456,0.0,0.0,0.0,0.0283224419607843,0.0010673992018099,0.0049689437410593,0.0001963209748449,0.0038729671223227,0.002435064964001,0.0081001470684819,0.0007794231947179,0.8806584319539702,0.1319095476960809,0.5572033720635235,0.0081001470684819,0.5277778,0.1130504381592262,6
0.8924302788844621,0.1966527196652719,0.0,0.0,0.0,0.0130719019607843,0.0007358459145642,0.0099378888237336,0.0002483286220906,0.0580944998635011,0.0405844133881135,0.09351988075464,0.0374123148897173,0.7386831240550219,0.3052763843952803,0.411016934205329,0.09351988075464,0.62222224,0.0856925140805091,6
0.2270916334661354,0.4267782426778242,0.0,0.0,0.0,0.135076262745098,0.0021347984036199,0.016149069059064,0.0002810889505898,0.1453653553947438,0.1233766304920728,0.1885125207031478,0.1208106018453436,0.6728394916209414,0.366834177842731,0.3749999833156781,0.1885125207031478,0.4148072,0.0751050120472452,6
0.6334661354581673,0.1255230125523012,0.0,0.0,0.0,0.0326797372549019,0.0014130347066752,0.0049689444118668,0.0001241642894054,0.0049057579366617,0.0040584418501749,0.0081001470684819,0.0023382696543018,0.8847736589811003,0.1268844227156511,0.5614406597305014,0.0081001470684819,0.537037,0.1271024718132678,6
0.6334661354581673,0.4142259414225941,0.0,0.0,0.0,0.032679725490196,0.0012063156068694,0.0099378709355359,0.0001963209027119,0.2205009131061475,0.1988636258209121,0.2606774826165134,0.1987529213171341,0.6481481387174207,0.370602995573029,0.3940677797238582,0.2606774826165134,0.3074441,0.0636983481232879,6
0.7370517928286853,0.00418410041841,0.0,0.0,0.0,0.0174291894117647,0.0004749863698969,0.0521739090575211,0.0014184105045179,0.0436354242799511,0.0284090900291469,0.0751104537915283,0.0249415427921576,0.7613168657597924,0.2814070283010531,0.4279660886867998,0.0751104537915283,0.6873016,0.0876543253577002,6
0.5617529880478087,0.4184100418410041,0.0,0.0,0.0,0.0435729921568627,0.000794804068577,0.0124223546569966,0.0002483284056918,0.2003614779352898,0.1793831113686435,0.2378497846991916,0.180826191556471,0.6604938244284407,0.3517587938562157,0.4131355761320384,0.2378497846991916,0.31548372,0.060839574869045,6
1.0,0.5271966527196653,0.0,0.0,0.0,0.0348583858823529,0.0009499728096022,0.0136645951761121,0.0005138211977357,0.0051639554659629,0.002435064964001,0.0117820324611043,0.0007794231947179,0.8703703667009601,0.1444723624084618,0.5466101548028585,0.0117820324611043,0.75,0.0969895388165443,6
0.8167330677290837,0.209205020920502,0.0,0.0,0.0,0.0217864901960784,0.0007045187892978,0.0111801212931601,0.0003314278672049,0.0493157789873208,0.034090911249262,0.0810014706848198,0.0303975060671081,0.7592592490054866,0.2839195998364939,0.4258474467600905,0.0810014706848198,0.64589113,0.0893705789540314,6
0.9482071713147412,0.3430962343096234,0.0,0.0,0.0,0.1350762352941176,0.0235539019093313,0.023602481763821,0.0006224801223259,0.1004389434682864,0.0722402599655823,0.1516936734043175,0.0732657849332568,0.6419753051211704,0.3969849232026969,0.355932186907498,0.1516936734043175,0.57700235,0.0729180104772142,6
0.8207171314741036,0.4351464435146444,0.0,0.0,0.0,0.0413943333333333,0.00057527324779,0.0037267083648007,2.4044320064815772e-05,0.0085205268325492,0.0032467532609841,0.0191458019208703,0.0023382696543018,0.8497942343430878,0.1658291447059418,0.5317796441548766,0.0191458019208703,0.93333334,0.0862535716827997,6
0.3545816733067729,0.5146443514644351,0.0,0.0,0.0,0.0152505439215686,3.231875104276397e-05,0.0211180092224839,0.000109535527348,0.0147172745071192,0.0073051947458993,0.0309278370329319,0.0046765394488997,0.8312757150358174,0.1959798957191738,0.4999999809322035,0.0309278370329319,0.88148147,0.0959633486350672,6
0.3386454183266932,0.7782426778242678,0.0,1.0,0.5,0.063180862745098,0.0025335075403615,0.0285714451818978,0.000796250053739,0.4407436077689732,0.4107142661467998,0.5154639284575558,0.3904910338116591,0.5041152066567588,0.603015076797303,0.1504237293387316,0.5154639284575558,0.28533262,0.0857932761266098,4
0.0119521912350597,0.7447698744769874,0.0,0.0,0.0,0.0806100588235294,0.0067804705230259,0.2621117576328101,0.0826617083445981,0.1843532241472726,0.1712662364345273,0.2187039748254493,0.1605611875117322,0.726337438344002,0.3316582781053512,0.3792372671690966,0.2187039748254493,0.27147257,0.0796808913999566,4
0.5298804780876494,0.7364016736401674,0.0,0.0,0.0,0.0740740666666666,0.0026446129504478,0.0472049724717408,0.0012873625542908,0.4138910507789636,0.3847402663576277,0.4911634978559389,0.3600935102075289,0.5205761332837983,0.609296443449977,0.1228813652237143,0.4911634978559389,0.30745777,0.0921944552186094,4
1.0,0.7949790794979079,0.0,0.0,0.0,0.1808278705882353,0.0095901387862122,0.1242235890544354,0.0041803014752917,0.2809191837620197,0.2613636504759444,0.3247422656499096,0.2533125330222124,0.6419753051211704,0.4045225925828898,0.3432203353472422,0.3247422656499096,0.2753682,0.0658140360362661,4
0.8685258964143426,0.6903765690376569,0.0,0.0,0.5,0.0827887019607843,0.0032424584168417,0.1142857047027512,0.0020496524923517,0.4203459890114946,0.389610376707708,0.5014727724486541,0.3639906433674,0.5061727993369896,0.6306532393152958,0.1016949268888248,0.5014727724486541,0.31446242,0.0927192629474087,4
0.8127490039840638,0.7489539748953975,0.0,0.0,0.0,0.0501089137254901,0.0017419746441687,0.036024833290383,0.0008106413685869,0.3449522337707896,0.3271104031890389,0.4020618615459362,0.301636779372197,0.6316872306089005,0.4886934733166457,0.2118643833488941,0.4020618615459362,0.29078844,0.100697441264873,4
0.8007968127490039,0.7615062761506276,0.0,0.0,0.0,0.0435730196078431,0.0013094453996569,0.0757763751691692,0.0017955590923137,0.2907307177608278,0.2767857201559601,0.3357879297806485,0.2564302437589947,0.6810699364159417,0.4133165873036664,0.2881355689816147,0.3357879297806485,0.27838665,0.0996969373434466,4
0.8844621513944223,0.6276150627615062,0.0,0.0,0.0,0.0544662470588235,0.0053067279305768,0.2012422011650806,0.022377249213246,0.2930544885531987,0.2629870108523781,0.3460971844911842,0.2657833198508708,0.5576131718983388,0.4547738536937202,0.345338958206155,0.3460971844911842,0.30841646,0.0460824292841601,4
0.3426294820717131,0.7740585774058577,0.0,1.0,0.0,0.0522875333333333,0.0015169864941559,0.0496894329385445,0.0012038171741603,0.4293829304223991,0.4017857110244666,0.5014727724486541,0.3795790918291787,0.52674892984301,0.5866833787767365,0.1546609941243538,0.5014727724486541,0.28752622,0.0893670577495512,4
0.4143426294820717,0.7615062761506276,0.0,0.0,0.0,0.1263616470588235,0.003324906927862,0.0645962784722808,0.0015705688807535,0.4190550013649884,0.3879870017208847,0.4977908910324676,0.3655494741839602,0.5041152066567588,0.6180904381707536,0.1249999880826272,0.4977908910324676,0.30846536,0.0895468801025612,4
0.3027888446215139,0.7280334728033473,0.0,0.0,0.0,0.115468431372549,0.0133734847199738,0.1391304077558753,0.0231680346919043,0.2269558652813591,0.2134740153127109,0.2628866048388321,0.2018706180242987,0.7078189190367317,0.3505025137417615,0.3665254156088409,0.2628866048388321,0.27036038,0.0825960965891593,4
0.3466135458167331,0.7071129707112971,0.0,0.0,0.0,0.0588235058823529,0.001635085717816,0.0857142505767546,0.0020836861836279,0.3514071789746609,0.3303571239419064,0.4131074991671023,0.3063133279403482,0.6049382665066299,0.5138191095253272,0.1970339089297254,0.4131074991671023,0.3009182,0.0967832888972772,4
0.848605577689243,0.6276150627615062,0.0,0.0,0.0,0.1459695019607843,0.0012733650159058,0.2571428411712521,0.0136491635608627,0.2819519738792246,0.2581169005022979,0.3291605366041197,0.2548714059276257,0.60905348890413,0.4221105367983135,0.3474576192006607,0.3291605366041197,0.29805613,0.0615305093186916,4
0.7848605577689243,0.7196652719665272,0.0,0.0,0.0,0.0413943019607843,0.0020622288377378,0.0757763751691692,0.0011522880712604,0.3767105717028837,0.3571428623608534,0.441089864204051,0.327357754408176,0.6069958591868606,0.533919602663127,0.1610169580400745,0.441089864204051,0.2986217,0.1030399688770002,4
0.749003984063745,0.7364016736401674,0.0,0.0,0.0,0.0479303019607843,0.0017516644083627,0.0683229714085111,0.0017232698409584,0.3382391119516379,0.3222402490077901,0.396907220935882,0.2915042878720408,0.6481481387174207,0.4949748512758522,0.1843220001660804,0.396907220935882,0.30575457,0.1081341139312397,4
0.4900398406374502,0.7531380753138075,0.0,0.0,0.0,0.1372549294117647,0.0047794603945155,0.073291925882489,0.0020198180922684,0.416473026071976,0.386363641344451,0.4955817489279694,0.3616523760981332,0.5123456699702785,0.6193467069786754,0.1144067784490807,0.4955817489279694,0.31361094,0.0918238021154247,4
0.7211155378486056,0.7322175732217573,0.0,1.0,0.0,0.1437908235294117,0.003567144226386,0.0397515262266132,0.0008953617221652,0.3377226959790146,0.3198052084431395,0.396907220935882,0.2922837102951298,0.6337448418076507,0.4974874115047606,0.1949152288674233,0.396907220935882,0.30452195,0.1033927194353011,4
0.5976095617529881,0.6359832635983264,0.0,0.0,0.0,0.0806100235294117,0.0039881337823413,0.4062111399868857,0.0302878522648156,0.27885361049895,0.252435073438027,0.3181148724733809,0.2626656091140885,0.5905349510783405,0.3806532591017274,0.4364406659275353,0.318851242129225,0.2638465,0.0024945324497433,4
0.4422310756972111,0.7782426778242678,0.0,0.0,0.0,0.1655773843137254,0.0052248514999396,0.1105590050584468,0.0022525635325289,0.3508907839160584,0.3262987083904325,0.4123711162564719,0.3094310036030863,0.5781892838858399,0.5125628181043407,0.2266949149714521,0.4123711162564719,0.29632849,0.0852000643676179,4
0.5418326693227091,0.7154811715481172,0.0,0.0,0.0,0.0718954274509803,0.0067287600759795,0.0807453274071225,0.006649590876395,0.2434805141279787,0.2297077944017224,0.2842415369348929,0.2135619613854415,0.6995884557232119,0.3793969902938055,0.3262711617979749,0.2842415369348929,0.28575617,0.0981907699260004,4
0.0119521912350597,0.7949790794979079,0.0,0.0,1.0,0.1067538039215686,0.0029299412701371,0.1167701606975055,0.0022538472103162,0.3743868009105128,0.3441558332454883,0.4455080821391157,0.3281371838460737,0.52674892984301,0.5678391996729878,0.1864406420927898,0.4455080821391157,0.30885938,0.0844577203325596,4
0.9322709163346612,0.7740585774058577,0.0,0.0,0.0,0.0653594745098039,0.0023269500471556,0.0496894329385445,0.0008282796034304,0.3294603820127151,0.3051948189513407,0.3880706989096414,0.2907248444045254,0.5884773398795904,0.4924623136600085,0.2499999761652544,0.3880706989096414,0.29423782,0.0845709548555825,4
0.6613545816733067,0.7447698744769874,0.0,0.0,0.0,0.1481481333333333,0.0039052992305012,0.0844720359955257,0.0011140247208238,0.4071779010744509,0.3749999872159091,0.4801177873334478,0.3608729326306178,0.5000000027777779,0.5854271099688146,0.1843220001660804,0.4801177873334478,0.29552308,0.0796208270645855,4
0.9920318725099602,0.6903765690376569,0.0,0.0,0.5,0.063180862745098,0.0018548805891276,0.0770186188187193,0.0012228763557746,0.3741286033812116,0.3441558332454883,0.4484536270364239,0.3242400366565849,0.5288065780787987,0.5841708411608928,0.1567796360510631,0.4484536270364239,0.3181372,0.0887143376348429,4
0.9681274900398408,0.7656903765690377,0.0,0.0,0.0,0.0675381176470588,0.001995509919434,0.0509316788241193,0.0014697879839795,0.3467596234472386,0.324675311488025,0.408689254722465,0.3024161947804771,0.5987654143918603,0.5138191095253272,0.2033897965742606,0.408689254722465,0.30085307,0.0943521195955233,4
0.7051792828685259,0.7280334728033473,0.0,0.0,0.0,0.1023965450980392,0.0031524938027533,0.0695652195301105,0.0016425397373149,0.3418538703905149,0.3214285688195733,0.4020618615459362,0.2977396532271347,0.6131687113016303,0.5037688459966289,0.2055084385009699,0.4020618615459362,0.30003616,0.0972527581177709,4
0.9083665338645418,0.7698744769874477,0.0,0.0,0.0,0.1633986666666666,0.0039754441738202,0.0919254576443815,0.0016212846126302,0.3325587593356703,0.3100649219962262,0.3902798277593532,0.2930631397330275,0.6008230255906104,0.4886934733166457,0.2436440313173301,0.3902798277593532,0.29027814,0.0886316263948672,4
0.0159362549800796,0.8326359832635983,0.0,0.0,0.5,0.0849673411764705,0.0029145003354296,0.099378865877089,0.0018850904965429,0.3576039266492309,0.3319805062339244,0.4263623120297326,0.3094310036030863,0.5679012278920893,0.5515075129589537,0.1716101676736211,0.4263623120297326,0.3175664,0.0945266972071233,4
0.4661354581673306,0.7071129707112971,0.0,0.0,0.0,0.0762527333333333,0.0025863885008701,0.0695652195301105,0.0007852845485761,0.3384973094809391,0.3222402490077901,0.3910161974151974,0.2985190966946501,0.6460905275186706,0.4635678371079644,0.2394067665317079,0.3910161974151974,0.27882218,0.0991326550591582,4
0.3386454183266932,0.7615062761506276,0.0,0.0,0.0,0.1285403647058823,0.0028833676790988,0.0496894329385445,0.0013052020400349,0.4280919218618721,0.3920454611035271,0.5073637959693388,0.3787996764208985,0.4629629641632373,0.6231155473220381,0.1588983161133652,0.5073637959693388,0.29957896,0.0781291336508187,4
0.8087649402390438,0.606694560669456,0.0,0.0,0.0,0.0196078549019607,0.0004867155535357,0.0447204851726406,0.000402338225293,0.1652465790936198,0.1266233804657193,0.1686303411735615,0.1987529213171341,0.5390946525910685,0.1683417083268099,0.8474576096667625,0.1877761444199105,0.38903406,1.0,3
0.2788844621513944,0.7071129707112971,0.0,1.0,0.0,0.0479302745098039,0.000982488720697,0.0670807411751092,0.0013464800424026,0.1556932705094739,0.1339285752116187,0.1421207684674464,0.1909586760418183,0.6707818804221912,0.0791457297483017,0.8622881222215242,0.1804123617053581,0.3273826,0.923812273173042,3
0.2350597609561753,0.7112970711297071,0.0,1.0,0.0,0.0653594745098039,0.0020942548679188,0.0596273262343275,0.0015067759519167,0.1368448299564625,0.1249999908685065,0.1185567075216737,0.1675759963343414,0.7530864154092362,0.0502512577188706,0.8262711713318731,0.1583210665808463,0.28569087,0.8747571874686856,3
0.4063745019920319,0.8577405857740585,0.0,0.0,0.0,0.0348583858823529,0.0011376191892305,0.0484471937610438,0.0008255212398325,0.1014717266141511,0.0795454547114817,0.0905743756216909,0.1340607830378555,0.6893003997294614,0.0791457297483017,0.843220325813344,0.1266568400098907,0.43169576,0.922647681122836,3
0.350597609561753,0.8786610878661087,0.0,0.0,0.0,0.0544662274509803,0.0025919618343151,0.0322981358821033,0.0011434413990558,0.0981151587332349,0.0779220797246584,0.0824742298786875,0.1340607830378555,0.7037036966392315,0.054020101454193,0.8707626899283613,0.1266568400098907,0.44601154,0.898493182086358,3
0.0278884462151394,0.7866108786610879,0.0,0.0,0.0,0.065359494117647,0.0013766416857069,0.0310559078847262,0.0005138211977357,0.1045701039371062,0.097402594176927,0.0780559655518706,0.1395167610439045,0.8004115155730831,0.0,0.8622881222215242,0.1318114938747312,0.40888458,0.8221554519485411,3
0.7928286852589641,1.0,0.0,0.0,0.0,0.0893246156862745,0.0024795024890208,0.0322981358821033,0.0007397945596183,0.0642912475380712,0.0478896081340129,0.0486008843991098,0.0966484786703514,0.7448559576512722,0.0452261349997473,0.843220325813344,0.0913107519049281,0.5633903,0.8754614654300468,3
0.6454183266932271,0.6485355648535565,0.0,0.0,0.0,0.0697167686274509,0.0019132704847709,0.0546583941205966,0.0007587316922993,0.1182545869327525,0.0900973994310276,0.1082474263015653,0.1558846319287722,0.6358024530064008,0.0879397007253603,0.8834745605564135,0.1472753958227143,0.4462137,0.9353015556736992,3
0.7370517928286853,0.6778242677824268,0.0,0.0,0.0,0.0566448823529411,0.0014478809116427,0.0472049724717408,0.0014319725069629,0.1195455745792587,0.0990259691637502,0.1030927790641179,0.1566640683814787,0.6934156221269617,0.0552763849606069,0.8792372576351984,0.1480117853607379,0.39643326,0.9013707659855874,3
0.0039840637450199,0.9790794979079498,0.0,0.0,0.0,0.0740740705882352,0.0037748282537202,0.0708074497635124,0.0023643576864715,0.0446682164885582,0.045454545653778,0.0397643590591726,0.0491036617582646,0.8827160450045723,0.0954773881960051,0.6165254070283326,0.0478645067903939,0.19104938,0.7946052701052021,3
0.2430278884462151,0.8870292887029289,0.0,0.0,0.0,0.0980392156862745,0.0099864903165185,0.0372670769399331,0.0017632494504191,0.0464756005879349,0.0357142862360853,0.0309278370329319,0.0732657849332568,0.7942386727175731,0.0414572890031185,0.7987287881490593,0.06921944352563,0.5931498,0.8483393323229207,3
0.9601593625498008,0.7196652719665272,0.0,0.0,0.0,0.058823525490196,0.0016350851418961,0.0484472027051426,0.0012970562836013,0.1071520792301186,0.0925324692164572,0.0824742298786875,0.1473109852747939,0.7427983464525221,0.010050252222166,0.9046610179590994,0.1391752567071041,0.42024404,0.8537667871801989,3
0.7928286852589641,0.8535564853556485,0.0,0.0,0.0,0.0610021921568627,0.0016726004735806,0.1055900505844689,0.0019079533923111,0.1605990235661975,0.1249999908685065,0.1494845312998193,0.2065471525628323,0.5637859684575505,0.0929648257057902,0.9491524984199948,0.1951399138796766,0.42076695,0.9436826153816702,3
0.2231075697211155,0.694560669456067,0.0,0.0,0.0,0.037037056862745,0.0009630979007896,0.0322981314100539,0.0012396189880441,0.1365866254558211,0.115259740947567,0.1222385889378601,0.1722525238580662,0.6810699364159417,0.0703517610325496,0.8665254060749427,0.1627393176528768,0.3589904,0.9162938158994576,3
0.247011952191235,0.8744769874476988,0.0,0.0,0.0,0.119825725490196,0.026637094927647,0.0819875732926973,0.0043920950377442,0.0570617097462962,0.0478896081340129,0.0427098688312969,0.0810600091641462,0.8024691267718331,0.0502512577188706,0.7754237078874607,0.0765832063580028,0.48671728,0.8569685072181634,3
0.4621513944223107,0.891213389121339,0.0,0.0,0.0,0.1198257098039215,0.004467145866885,0.0683229781165852,0.0021795164525135,0.1412341949259239,0.1128246784673321,0.1178203312384364,0.1932969503258939,0.6255143784941309,0.0251256282941087,1.0,0.1826214971824631,0.44151622,0.896073058247079,3
0.9243027888446216,0.8368200836820083,0.0,1.0,0.0,0.1045751647058823,0.0106264011431834,0.0372670769399331,0.0012503042567378,0.1076684812600614,0.0909090942296339,0.1008836502144061,0.1309431073751174,0.726337438344002,0.1017587944215423,0.7669491401806235,0.1237113481317279,0.33542147,0.942555051576472,3
0.9203187250996016,0.6861924686192469,0.0,0.0,0.0,0.0457516431372549,0.0010883306422169,0.063354032586706,0.0015638054799682,0.1071520792301186,0.0909090942296339,0.0898379927110604,0.1410755918604647,0.7304526607415023,0.0477386929673493,0.8538135354468905,0.1332842331864195,0.38741234,0.8845907069594513,3
0.1115537848605577,0.7698744769874477,0.0,0.0,0.0,0.0174291894117647,0.0007045184228033,0.0136645900332552,0.0004908023289129,0.1117996417288812,0.1055194837214327,0.0883652401445858,0.1426344507362603,0.8045267435261391,0.0175879442154237,0.8283898132585824,0.1347569990076804,0.34230694,0.8291491756239469,3
0.247011952191235,0.7949790794979079,0.0,0.0,0.0,0.0566448823529411,0.0016030093731827,0.0211180065392542,0.0003980669237869,0.0542215348325804,0.045454545653778,0.0368188492870482,0.0810600091641462,0.8065843584285931,0.033919602663127,0.7987287881490593,0.0765832063580028,0.54320127,0.836552396847751,3
0.3665338645418327,0.9414225941422594,0.0,1.0,0.0,0.0697167725490196,0.0047056080980613,0.0447204918807147,0.0006732407713838,0.0872708485599023,0.0698051901801526,0.0714285723753418,0.1208106018453436,0.7283950495427521,0.0502512577188706,0.8516948935201811,0.1141384431948568,0.44724658,0.8892241672717425,3
0.2828685258964143,0.7531380753138075,0.0,1.0,0.0,0.0501089294117647,0.0008855334867723,0.0695652195301105,0.0033234578049715,0.1058610915836124,0.0884740244442043,0.0986745213646942,0.1301636709224108,0.7222222159465017,0.0992462319313274,0.7754237078874607,0.1229749585937042,0.3503698,0.940769337588604,3
0.2031872509960159,0.6652719665271967,0.0,0.0,0.0,0.0217864956862745,0.0007948044699757,0.0211180092224839,0.0002810895276533,0.1773818838847989,0.1469155751062047,0.1678939648903242,0.2166796580926061,0.5967078031931101,0.1055276388352566,0.8940677892577564,0.2047128188165477,0.34911168,0.9516450780075594,3
0.9243027888446216,0.7238493723849372,0.0,0.0,0.0,0.0196078509803921,0.0001357386643266,0.0173913015284905,0.0005663770192534,0.0826232860611397,0.0714285724721706,0.0655375554820504,0.1114575187386588,0.7777777683127568,0.0427135691175727,0.8135593007038209,0.105301914541223,0.40555555,0.8635468584934854,3
0.9402390438247012,0.7531380753138075,0.0,0.0,0.0,0.0392156862745098,0.0005429546503259,0.0335403705875546,0.0007293440115089,0.0511231630866975,0.0389610398623292,0.0360824756547682,0.0787217418948794,0.7818929962658128,0.0452261349997473,0.8050847329969838,0.074374077508291,0.5358197,0.8623935342976158,3
0.1394422310756972,0.9707112970711296,0.0,1.0,0.0,0.0740740784313725,0.0032318724864589,0.0447204941167394,0.0005129448330165,0.0929512011758699,0.0722402599655823,0.0802650944015825,0.1262665588069662,0.7016460854404813,0.0678391974116814,0.8495762515934718,0.1192930771775178,0.4522286,0.9079631094155544,3
0.7370517928286853,0.8661087866108786,0.0,0.0,0.0,0.045751631372549,0.0012992127873752,0.0260869511747235,0.0004728711405631,0.0955331834402225,0.0779220797246584,0.0839469824451621,0.1247077209755971,0.7242798271452519,0.0741206036372187,0.8156779426305303,0.1178203312384364,0.40134683,0.9106268079415912,3
0.7808764940239044,0.9414225941422594,0.0,0.0,0.0,0.0958605647058823,0.0119191464379182,0.0745341561158909,0.0054821019423092,0.1120578392581824,0.0957792191901037,0.1104565617786703,0.1293842555141307,0.7283950495427521,0.1293969852058659,0.7182203186629204,0.1229749585937042,0.29272884,0.9860763420482468,3
0.8247011952191236,0.9581589958158996,0.0,1.0,0.0,0.0413943411764705,0.0015060535458861,0.0546583807044484,0.0036119898506069,0.0986315607631777,0.0795454547114817,0.086156111294874,0.1301636709224108,0.711934141434232,0.0703517610325496,0.8347457390387104,0.1229749585937042,0.42162097,0.9124437123880922,3
0.8844621513944223,0.7280334728033473,0.0,0.0,0.0,0.0196078431372549,0.0006101314423615,0.053416139290923,0.0015009246721485,0.0903692258828575,0.0844155796719514,0.0648011791988131,0.1231488620998016,0.8148148069272974,0.0012562914209865,0.8453389677400532,0.1163475654171755,0.44541803,0.80983996514823,3
