0.5537848605577689,0.47698744769874474,0,0,0,0.010893250980392158,0.0001098837793745301,0.014906833235600419,0.00022441363854992018,0.0431190292213487,0.05357142935412801,0.050810013248821694,0.024941542792157666,0.9567901222336532,0.159547740741711,0.43220337254021846,0.05154639085753762,0.5456349,0.26114959283107975,0
0.7450199203187251,0.5104602510460251,0,0,0,0.01307189568627451,0.0004653899047184241,0.011180123529184873,0.00005610336707904587,0.04647560058793495,0.06087662775262478,0.05154639085753762,0.027279811464386235,0.9855967086457856,0.14698492376802352,0.42372880483338127,0.05596465717257248,0.53858024,0.29765909770173027,0
0.41434262948207173,0.5355648535564853,0,0,0,0.010893247843137254,0.0001874487099744431,0.0186335373519542,0.0003766941935580669,0.04260263416274622,0.05519480287991231,0.04786450679039391,0.024941542792157666,0.9732510321940253,0.14698492376802352,0.4364406659275353,0.05007363564010577,0.5326279,0.2900368797984404,0
0.13147410358565736,0.5271966527196653,0,0,0,0.019607850980392156,0.0002908687209902192,0.024844716469272266,0.00034196364038209683,0.04079525145763754,0.05681818078881346,0.04270986883129699,0.02338269584153715,0.9999999999999999,0.12939698520586598,0.4385593116678039,0.05154639085753762,0.57363313,0.33111899486143226,0
0.15139442231075698,0.4184100418410041,0,0,0,0.028322441960784317,0.0006528385867694805,0.01987577541144252,0.000309904386346331,0.04208623910414374,0.05113636322129575,0.050810013248821694,0.02416211896610697,0.9465020551287912,0.16457286459148757,0.43432202018726673,0.05228276912899286,0.56291884,0.2511504284685009,0
0.05976095617529881,0.48953974895397484,0,0,0,0.0196078431372549,0.00013573866432668686,0.014906833235600419,0.00022441363854992018,0.03872966634328943,0.05032467572788412,0.04418262007229293,0.0218238502938784,0.9670781893385154,0.14698492376802352,0.44279659170766317,0.04712812851893867,0.56150794,0.2863553826771825,0
0.099601593625498,0.2343096234309623,0,0.9999999999999999,0,0.0392156862745098,0.0015513017184750203,0.05465838741252252,0.0022975673454760964,0.13942680524947498,0.1428571376391466,0.17157585293390387,0.10210443563197394,0.868312751798506,0.3090452134321106,0.27118641450014386,0.17157585293390387,0.4369392,0.1682298250875034,0
0.05179282868525896,0.4142259414225941,0,0,0,0.06753813333333333,0.009340111909952663,0.05962732623432756,0.0007373594237212923,0.12496772966592502,0.13798701998387158,0.14212076846744648,0.09431021140108459,0.9465020551287912,0.22864320696131435,0.32627116179797494,0.14212076846744648,0.36884832,0.21977036224057506,0
0.03984063745019921,0.405857740585774,0,0,0,0.052287588235294113,0.001396169766511622,0.031055896704602685,0.0006865985871176919,0.12316033998947606,0.13879870017208845,0.13991162636294827,0.09041309227083111,0.9670781893385154,0.2261306467324059,0.30932202638430056,0.13991162636294827,0.38875645,0.2277324171480509,0
0.3346613545816733,0.3765690376569037,0,0,0,0.05228758431372549,0.0022493825441137153,0.02857142505767546,0.0008789529211387887,0.14846373271769892,0.15503245734551577,0.17746686982719534,0.1114575187386588,0.8888888856378598,0.2952261321731143,0.273305094562446,0.17746686982719534,0.4047922,0.18020247630002367,0
0.06772908366533864,0.5606694560669456,0,0,0,0.015250547450980392,0.00003231869519599076,0.0136645951761121,0.0002698306433998505,0.02736896599129252,0.04058441338811353,0.026509572706115075,0.015588464595838982,0.9835390974470355,0.11180904573918585,0.48516947791134024,0.03681884928704823,0.6005291,0.363241949984478,0
0.08764940239043825,0.18410041841004182,0,0,0,0.08714594509803922,0.006412034525871367,0.039751539642761506,0.0005663771635193142,0.1634392033598514,0.158279214624357,0.20618555812823594,0.12314886209980162,0.794238672717573,0.3693467267651071,0.2457627113796323,0.20618555812823594,0.43507022,0.14080872318734838,0
0.7768924302788844,0.49372384937238484,0,0,0,0.03267973529411765,0.0007562583988311271,0.014906832117588064,0.00012823630924025837,0.044151822824223794,0.05762987047378351,0.04860088439910983,0.026500388339816418,0.9794238657902756,0.1432160800327012,0.4364406659275353,0.054491897978704726,0.54012346,0.2961829087072697,0
0.3147410358565737,0.4393305439330543,0,0,0,0.058823529411764705,0.0028505114517298888,0.03478260976505529,0.0006304952964995616,0.15130389856867232,0.15503245734551577,0.18262149718246318,0.11457521544582336,0.866255140599756,0.3077889333176564,0.2754237364891553,0.18262149718246318,0.40736422,0.1665543989304879,0
0.00398406374501992,0.13807531380753135,0,0,0,0.08496734117647059,0.004169114500544855,0.05341616165117009,0.0011033659970517825,0.13064807531055228,0.1266233804657193,0.16715757535230064,0.09586905624726247,0.8148148069272972,0.32914572918297513,0.29237287190282973,0.16715757535230064,0.45768142,0.14404039199605018,0
0.47410358565737054,0.5230125523012552,0,0,0,0.023965143529411762,0.0007304037163235232,0.022360249294394452,0.0003205908091671156,0.04363542427995118,0.05681818078881346,0.04786450679039391,0.026500388339816418,0.9773662508878217,0.1419597976569405,0.4406779459673946,0.05301914541223015,0.52954143,0.2976981460061508,0
0.5776892430278885,0.47280334728033463,0,0,0,0.019607839215686273,0.00029086856392116953,0.008695648528220587,0.00007747609730791215,0.04208623910414374,0.05438311830857858,0.04860088439910983,0.02338269584153715,0.9711934172915714,0.1532663299935608,0.42796608868679986,0.050810013248821694,0.56349206,0.27914259560473254,0
0.08764940239043825,0.30962343096234307,0,0,0,0.05664488235294117,0.0018357052505041918,0.03975155529493445,0.0006946134222665151,0.12522592719522624,0.13798701998387158,0.1450662802277888,0.09197193711700896,0.9444444420781891,0.24246231083337538,0.3050847425308819,0.1450662802277888,0.39975148,0.2120290127233906,0
0.545816733067729,0.4393305439330543,0,0,0,0.023965141176470587,0.0002650136719881661,0.009937888823733613,0.00014960904668241857,0.045184613638562784,0.05519480287991231,0.054491897978704726,0.025720965916727484,0.9526748979843012,0.16834170832680992,0.4216101438388756,0.05522828088933519,0.5591711,0.24831537701286185,0
0.9083665338645418,0.47280334728033463,0,0,0,0.03485839215686275,0.0001292747825291747,0.01987577541144252,0.0002457862822192593,0.04105344898693877,0.05194805071470738,0.04712812851893867,0.02416211896610697,0.9609053501867093,0.15075376863399914,0.44279659170766317,0.05007363564010577,0.5458554,0.27674585997626455,0
0.08366533864541834,0.4393305439330543,0,0,0,0.015250539215686275,0.0001874486645989399,0.007453413822769327,0.00009617725717672253,0.039246063493293994,0.04951298604291407,0.04639175223570138,0.0218238502938784,0.9567901222336532,0.1557788924837757,0.4385593116678039,0.04860088439910983,0.57539684,0.26526282298039605,0
0.47808764940239046,0.20502092050209203,0,0,0,0.0893246274509804,0.0040656957007059735,0.06459627176420671,0.002073154197430163,0.18641879741034229,0.1801947988620552,0.23343150049019512,0.1426344507362603,0.7777777683127567,0.3969849232026969,0.21610170533790563,0.23343150049019512,0.4223002,0.13989139382227656,0
0.12749003984063745,0.5774058577405857,0,0,0,0.02178649411764706,0.0004395344368655719,0.01614906838825662,0.00010953510176370807,0.037955076543921815,0.0300324664770092,0.057437409739047054,0.024941542792157666,0.8189300348803532,0.2185929660456806,0.47457625874389553,0.057437409739047054,0.5783389,0.10104883893934724,0
0.3147410358565737,0.3514644351464435,0,0,0,0.047930286274509806,0.0017581400162374494,0.021118001172794956,0.000398066635255176,0.14923832530560266,0.15584415944931687,0.1767304802891717,0.11379579302273442,0.8888888856378598,0.28768844017985656,0.28601694612270184,0.1767304802891717,0.39043593,0.1785849276250705,0
0.3784860557768924,0.305439330543933,0,0,0,0.058823545098039214,0.0022299918463711114,0.03602483329038302,0.0016483734166459164,0.16627937618216504,0.17207791662274416,0.19882179529586305,0.1262665588069662,0.8765432058527661,0.31783919684635487,0.2478813533063416,0.19882179529586305,0.39879107,0.1727397837858134,0
0.5737051792828686,0.38075313807531375,0,0,0,0.034858378823529414,0.0010600560492177614,0.05838508705682689,0.001071308099115275,0.16085722109549871,0.16152596459800353,0.19734904935678166,0.1215900242684326,0.8395061690900775,0.3366833985631681,0.2542372981542659,0.19734904935678166,0.41776258,0.15669543410418862,0
0.06772908366533864,0.5313807531380753,0,0,0,0.03485838588235294,0.0009824894187816888,0.0186335373519542,0.00021639871684156982,0.04002065886973381,0.05357142935412801,0.043446242463577006,0.02338269584153715,0.9814814806927297,0.1369346726765107,0.44491523744793177,0.04860088439910983,0.5438712,0.3092808442084035,0
0.545816733067729,0.5104602510460251,0,0,0,0.026143792156862744,0.0007756494281639466,0.026086953410748237,0.00015228051894167706,0.044926416806395565,0.05681818078881346,0.05228276912899286,0.025720965916727484,0.9670781893385154,0.1582914583659503,0.42372880483338127,0.054491897978704726,0.5582011,0.26933337242488065,0
0.47808764940239046,0.4267782426778242,0,0,0,0.06753811764705882,0.0026695286392724284,0.06583849528953445,0.0011033667183811752,0.14123419492592396,0.14610389491798786,0.16863034117356157,0.1075603996084053,0.8786008189033682,0.2851758686444158,0.3008474396096669,0.16863034117356157,0.39658895,0.17519682467416953,0
0.3745019920318725,0.19246861924686193,0,0,0,0.0718954,0.005953110002087274,0.04720495681956789,0.0012396171847206276,0.18332043403006767,0.1801947988620552,0.2282768930171068,0.1387373386208156,0.8024691267718331,0.3856783908660766,0.20974576048998134,0.2282768930171068,0.42569095,0.14676619344952557,0
0.5537848605577689,0.058577405857740586,0,0,0,0.039215637254901965,0.0025596490658580055,0.02484470976119815,0.00008549019597942538,0.89233155359664,0.8603896196396946,0.9432990063085492,0.8690568435212207,0.32510286569882574,0.5954773734975131,0.34745761920066076,0.9432990063085492,0.17250364,0.03269132571106237,1
0.5617529880478087,0.09205020920502092,0,0,0,0.01960779294117647,0.0010883290889785696,0.011180151479493696,0.00025217870329788915,0.7709785753982518,0.7069805299758074,0.8527246108046789,0.745908023510272,0.12551439423487232,0.72236176681618,0.3389830324260272,0.8527246108046789,0.24777646,0.022782508042384686,1
0.2589641434262948,0.12552301255230125,0,0,0,0.023965174117647058,0.0005719595620496046,0.008695717844986468,0.0002364035612897716,0.7647818556090428,0.6948052175746329,0.8541973501163671,0.7373343768562937,0.08230444795000424,0.7600502493955329,0.31991523601784705,0.8541973501163671,0.26204562,0.023389193041677414,1
0.6533864541832669,0.36820083682008364,0,0,0,0.03485845333333333,0.0008273593341947698,0.01739132165271294,0.0003419631715179916,0.6511748381463931,0.577110384926052,0.7820323948303947,0.5837879630931265,0.09259259653635132,0.9434673383168986,0,0.7820323948303947,0.33041757,0.05989639245002615,1
0.9043824701195219,0.03765690376569038,0,0,0,0.041394301960784315,0.0008562971425300404,0.018633538469966553,0.0005429975073741503,0.8714175328092187,0.8327922010325308,0.93151695926718,0.8448947203462285,0.2818929749695156,0.636934673807164,0.32203387794455635,0.93151695926718,0.18889166,0.03390443625247552,1
0.4900398406374502,0.07531380753138074,0,0,0,0.03921573725490196,0.0012410332769979009,0.023602434807302182,0.0006545462939105661,0.8954298960628937,0.8709415351384614,0.9469808545877698,0.8643803159974959,0.3806584236206365,0.5992462025343434,0.2838982851281961,0.9469808545877698,0.16561614,0.04815197088579182,1
0.6175298804780877,0.08786610878661087,0,0,0,0.030500923921568626,0.00028440698754826383,0.0583850535164563,0.0007507148374282242,0.950167883816201,0.9480520296424348,0.9698085790146643,0.9314108127385561,0.5308641892775487,0.44974872192937104,0.3813559281636024,0.9698085790146643,0.113055356,0.04636783217361229,1
0.0796812749003984,0.3305439330543933,0,0,0,0.026143840784313723,0.00007756444368585912,0.01739132165271294,0.00040608163630975963,0.7911180105691096,0.7735389263511451,0.8519882411488348,0.7435697351965788,0.47119337192119914,0.6206029757865974,0.1546609941243538,0.8519882411488348,0.17969723,0.08027150858722626,1
0.027888446215139442,0.11715481171548116,0,0.9999999999999999,0,0.05446629803921569,0.0019714417053929133,0.040993787764361,0.0005049298536018718,0.7903434249525461,0.7491883380747699,0.8748158993017975,0.7404520735634583,0.29218106800030474,0.741206025065655,0.13559319771617367,0.8748158993017975,0.22295359,0.06167528642079556,1
0.4820717131474104,0,0,0,0,0.0392156862745098,0.0005429628702728324,0.0645963053045773,0.0036440493354680838,0.9999999999999999,0.9999999999999999,1,1,0.5288065780787987,0.36180904607838177,0.5317796441548767,1,0.09277301,0.001724018778842984,1
0.1713147410358566,0.2845188284518828,0,0,0,0.017429177647058824,0.0006008150487507426,0.01739132165271294,0.00029119086577704634,0.751097358670716,0.6858765894003523,0.8387334547957772,0.7209664779121908,0.12345672748056424,0.7474874030248614,0.2987287976829576,0.8387334547957772,0.2580791,0.02835220102801017,1
0.02390438247011952,0.029288702928870286,0,0,0,0.05010896470588235,0.0012733526772594035,0.021118030241116133,0.00026983427889998995,0.9664342514774361,0.9740260148212173,0.9779087115028814,0.9469991910522465,0.5987654143918602,0.41206030718921216,0.3749999833156781,0.9779087115028814,0.096352234,0.05862597893886057,1
0.7450199203187251,0.1297071129707113,0,0,0,0.03050112156862745,0.0009499708898694653,0.03726710600825428,0.0009124153916688763,0.7593597214363973,0.6988636112105225,0.8365242795543131,0.7357754758916453,0.15637852517908535,0.6959798957191738,0.3516949030540794,0.8365242795543131,0.24193405,0.022343432376352113,1
0.601593625498008,0.029288702928870286,0,0,0,0.03050107450980392,0.0007948076113567206,0.012422397365068486,0.00019632018138260378,0.7815647298703248,0.7102272507286748,0.8645065915721163,0.7622758733507131,0.06584355836000333,0.7311557615369566,0.385593212017021,0.8645065915721163,0.2546684,0.014079313722435982,1
0.47410358565737054,0.2635983263598326,0,0,0,0.013071945098039215,0.00015513050343771796,0.011180151479493696,0.00005610352865682985,0.710043902712437,0.6509740490992365,0.8166421000247267,0.6539360513192188,0.18518519307270265,0.8341708779071227,0.08898301812517989,0.8166421000247267,0.2767844,0.0575248241672644,1
0.5657370517928286,0.05439330543933053,0,0,0,0.050108913725490194,0.0015836148359745369,0.01987575662883499,0.0008228557113274394,0.8897495783036276,0.8595778956203092,0.9388807220995529,0.8667186323704245,0.3395061255715571,0.5854271099688145,0.34957626112737006,0.9388807220995529,0.16939692,0.03367351936919144,1
0.7171314741035857,0.06694560669456066,0,0,0,0.028322407843137255,0.0008079699628130299,0.011180123529184873,0.00018433921034051654,0.9625613931080216,0.9683441804517519,0.9712813183263527,0.9477786064605266,0.5864197471993595,0.3969849232026969,0.41313557613203833,0.9712813183263527,0.09626316,0.04937440335275006,1
0.42231075697211157,0.04184100418410042,0,0,0,0.02614359058823529,0.0009012235155404117,0.026086953410748237,0.0002944814983338734,0.8838110421010393,0.8457792301478958,0.9403534614112411,0.8604831968672424,0.2818929749695156,0.6218592672075839,0.34745761920066076,0.9403534614112411,0.18402189,0.029759459664871424,1
0.896414342629482,0.30125523012552297,0,0,0,0.03485840392156863,0.0009049247080784453,0.02360240573898101,0.0003660071143275349,0.6318099885920989,0.5446428851895869,0.774668598861056,0.5643023674418591,0,1,0,0.774668598861056,0.36206177,0.054096357093426584,1
0.3665338645418327,0.07531380753138074,0,0,0,0.04793034901960784,0.00214597561171414,0.031055936953047394,0.0011354315410798531,0.8956881145062159,0.8693181747620278,0.9462444186579939,0.8674980056898517,0.3662551081923471,0.5942211046895912,0.3072033653897948,0.9462444186579939,0.16648434,0.043216261500508724,1
0.2350597609561753,0.17154811715481172,0,0,0,0.028322454901960784,0.0010406716342371437,0.01739129482041647,0.000534320131178078,0.7782081341040477,0.7378246693358387,0.8564065253578311,0.7342166380602763,0.3024690869570166,0.7060301592478723,0.18432200016608047,0.8564065253578311,0.21837935,0.055832496228743755,1
0.7091633466135459,0.3765690376569037,0,0,0,0.01742932745098039,0.0006722330192650425,0.013664558058101984,0.00023777384188402003,0.940614498547312,0.923701258736191,0.9756996025353489,0.9197193711700896,0.4218106661141579,0.5263819106698694,0.3644067546143352,0.9756996025353489,0.14110672,0.03747593835883217,1
0.44223107569721115,0.0794979079497908,0,0,0,0.021786558823529412,0.00047498448506831805,0.027329201532347733,0.0005194166724613461,0.7895688393359827,0.7362013089594049,0.862297482604584,0.7638347111820822,0.19958847146395342,0.6809045230391909,0.3326271066458993,0.862297482604584,0.22538376,0.02699145935559849,1
0.40637450199203184,0.22175732217573219,0,0,0,0.026143792156862744,0.0012202614187453882,0.029813606098533778,0.0006628555107978682,0.7583269173765118,0.7037337800021608,0.8365242795543131,0.7279812867348001,0.20164608266270345,0.701004993563926,0.29661015575624833,0.8365242795543131,0.2367968,0.03252625535155901,1
0.6892430278884462,0.1631799163179916,0,0,0,0.03921573725490196,0.0013265620866029875,0.021118030241116133,0.0006871233758908057,0.7490317505509451,0.6915584164646231,0.8335788009309367,0.7147310494238176,0.18312756335543323,0.7311557615369566,0.2648305077878124,0.8335788009309367,0.2473368,0.035889376283305297,1
0.3147410358565737,0.12133891213389121,0,0,0,0.02396512549019608,0.0010019823859277303,0.01614907576713815,0.0005570123604119425,0.7717531958715166,0.7029220559827755,0.8549337197722111,0.7498050935368638,0.08847735562033177,0.7298994927290348,0.3644067546143352,0.8549337197722111,0.2540513,0.017839144670520835,1
0.26294820717131473,0.2510460251046025,0,0,0,0.06535947450980392,0.0015513031146443504,0.03354034151923344,0.00021639770698041996,0.8781306546283704,0.8441558697714621,0.9337260682347123,0.8519095291688377,0.31481480970507514,0.6155779005549099,0.32415253893906204,0.9337260682347123,0.17967218,0.03543300965000923,1
0.36254980079681276,0.18828451882845187,0,0,0,0.01742912745098039,0.000051709584911877283,0.018633538469966553,0.00040875406793711047,0.8783888730716924,0.846590873810139,0.9322533289230241,0.8519095291688377,0.33127568077655667,0.6067839058341333,0.32203387794455635,0.9322533289230241,0.17606053,0.03783767725488535,1
0.26294820717131473,0.08786610878661087,0,0,0,0.037037019607843134,0.0018548844285932685,0.03975156871108269,0.0009456062095496511,0.8799380443048194,0.8409091124926208,0.9425626366527051,0.8511301558494105,0.27572015989178456,0.6520100351806145,0.3029660815363762,0.9425626366527051,0.19062504,0.03654719287818231,1
0.4940239043824701,0.14644351464435146,0,0.9999999999999999,0,0.02396507607843137,0.0010673990970972943,0.04844723177346386,0.0005638885771142958,0.8683191903429649,0.8238636459101977,0.9344624378905564,0.8409976082307837,0.238683121277244,0.6670853965540651,0.31567795216442845,0.9344624378905564,0.20012376,0.03211010457995844,1
0.398406374501992,0.4602510460251045,0,0.9999999999999999,0,0.026143792156862744,0.001471691619703021,0.033540370587554616,0.0006406804098189664,0.023754197095405025,0.008116883700349969,0.03976435905917261,0.0218238502938784,0.7654320881572926,0.19723617809493452,0.565677949304259,0.03976435905917261,0.8435185,0.002184166073791627,2
0.0796812749003984,0.46443514644351463,0,0,0,0.017429194117647057,0.0007045187369414538,0.00993788770572126,0.00029119108217586415,0.003872967122322762,0,0.00810014706848198,0.0031176928490197083,0.8621399144985519,0.13190954769608088,0.5762711696157715,0.00810014706848198,0.5555556,0.016009916008338898,2
0.1752988047808765,0.3263598326359832,0,0,0,0.030501086274509804,0.0005946649926596398,0.017391302199298,0.0003419634961162183,0.016008263547893527,0.0008116882969830495,0.04270986883129699,0.0023382696543018033,0.7716049347165064,0.25000000282663304,0.4703389653565787,0.04270986883129699,0.9861111,0.07543635738883708,2
0.06772908366533864,0.3179916317991631,0,0,0,0.06100217647058824,0.0034251754461284574,0.04223601799776286,0.0012601301335930888,0.02039762572881877,0.008928571193761597,0.03755522689576416,0.013250193819167767,0.7983539043743328,0.2022613019447111,0.5233050669141412,0.03755522689576416,0.86277056,0.055867967730718504,2
0.20318725099601592,0.38075313807531375,0,0,0,0.028322441960784317,0.000885533050469427,0.018633538469966553,0.000408753418740657,0.020139426805249477,0.004870130074106086,0.041973491222581066,0.011691347570028135,0.7695473198140524,0.2261306467324059,0.5127118477466965,0.041973491222581066,0.89973545,0.04989561574644841,2
0.21115537848605578,0.33472803347280333,0,0,0,0.05664487450980392,0.0026889191624938657,0.018633538469966553,0.00018433985232367607,0.022721404886797983,0.0040584418501749845,0.05301914541223015,0.008573655071748867,0.7427983464525221,0.27010049596443286,0.4661016815031601,0.05301914541223015,0.94481075,0.06379445847294368,2
0.3147410358565737,0.3179916317991631,0,0,0.49999999999999994,0.9564270980392157,1,1,0.9999999999999999,0.47017814005199504,0.4293831296316304,0.5235640609457727,0.45284491183647974,0.4115226101204074,0.5012562857677203,0.4173728599854569,0.5235640609457727,0.30628127,0.020167809856589003,2
0.5537848605577689,0.47280334728033463,0,0,0,0.0392156862745098,0.0007756497946583958,0.02484472094132168,0.0007587314759005293,0.017557448723700967,0.001623376593966099,0.0405007353424099,0.008573655071748867,0.7654320881572926,0.23115577849675512,0.5084745619864983,0.0405007353424099,0.97376543,0.04883137802392934,2
0.27091633466135456,0.5355648535564853,0,0,0,0.11111109019607843,0.0030947119388533683,0.04720496799969142,0.001203817318426244,0.12600051978312998,0.11688311593439028,0.14948453129981934,0.10989867389248094,0.7777777683127567,0.26130653516325336,0.44491523744793177,0.15832106658084633,0.38661182,0.153472049392343,2
0.03187250996015936,0.28870292887029286,0,0,0,0.11546840784313725,0.02399989424017324,0.372670769399331,0.0515830583385245,0.16473019100635758,0.1266233804657193,0.20986744617181555,0.15354637868912302,0.54320983795153,0.38190952790964927,0.483050830264292,0.20986744617181555,0.5142537,0.018428279245377766,2
0.0199203187250996,0.2928870292887029,0,0,0.49999999999999994,0.16122003921568628,0.015254450115218875,0.1279503200030857,0.0205632327444304,0.08701265800194138,0.05600649183436288,0.1251841006982025,0.07638347462561264,0.6255143784941308,0.32663314634100205,0.4915254094118071,0.1251841006982025,0.6281558,0.026388517952647905,2
0.2908366533864542,0.49372384937238484,0,0,0,0.008714596862745097,0.000051709988055771385,0.002484471870529697,0.00002137272662221931,0.003614768895887495,0,0.010309278569151115,0,0.8641975256973019,0.14447236240846187,0.5529660843965457,0.010309278569151115,1,0.08090525126305143,2
0.1593625498007968,0.26778242677824265,0,0,0.49999999999999994,0.603485843137255,0.03339681889798959,0.5950310611781949,0.02287594461690629,0.3834237144360562,0.3465908957257232,0.43372603509774643,0.3655494741839602,0.47325102015698783,0.46356783710796445,0.4173728599854569,0.43372603509774643,0.29780185,0.03228314398118021,2
0.1394422310756972,0.5606694560669456,0,0,0,0.01089324705882353,0.0003425785746646925,0.028571427293700165,0.001488075703808302,0.005938549448134762,0.0024350649640010958,0.009572900960435192,0.0054559625734696,0.8641975256973019,0.12939698520586598,0.5783898138306164,0.009572900960435192,0.25185186,0,2
0.3705179282868526,0.5564853556485355,0,0,0,0.01742919294117647,0.00020683985798165575,0.011180122858377462,0.00012022158950413798,0.008004131773946764,0,0.022827687313492728,0,0.8292181019852154,0.18718592926472816,0.516949137320454,0.022827687313492728,1,0.08090525126305143,2
0.06772908366533864,0.3305439330543933,0,0,0,0.04139433333333334,0.0006528385867694805,0.014906832117588064,0.00016029545507661528,0.019623031746646997,0.0040584418501749845,0.04565537595246409,0.007014808822609233,0.7674897049115985,0.24748743129119227,0.4788135387837549,0.04565537595246409,0.9261464,0.06794584735923287,2
0.26693227091633465,0.3849372384937238,0,0,0,0.026143794117647057,0.0010083444503316253,0.024844716469272266,0.0006946137612913296,0.01497547064215246,0.0008116882969830495,0.03755522689576416,0.004676539448899782,0.7798353850670626,0.22864320696131435,0.497881335191935,0.03755522689576416,0.9876543,0.06402745101360563,2
0.1752988047808765,0.405857740585774,0,0,0.49999999999999994,1,0.022330683054902267,0.60993787764361,0.01149148485078436,0.34727603244852157,0.3051948189513407,0.405007353424099,0.32657833198508707,0.44650205605471716,0.4924623136600085,0.39618642165056756,0.405007353424099,0.35897508,0.031590578657879564,2
0.23107569721115537,0.36820083682008364,0,0,0,0.030501092156862745,0.0014478794282128127,0.022360245716754924,0.0002564727050400439,0.014200878751382767,0.0008116882969830495,0.03681884928704823,0.0031176928490197083,0.7860082242188687,0.22864320696131435,0.4915254094118071,0.03681884928704823,0.9861111,0.07064783435082866,2
0.26294820717131473,0.5230125523012552,0,0,0,0.2636165882352941,0.006471853575345326,0.05962732623432756,0.002306249698844978,0.10818486934732362,0.06574675271309453,0.16789396489032427,0.08573655071748867,0.5308641892775487,0.4422110525491781,0.3940677797238582,0.16789396489032427,0.66081303,0.041409253491862696,2
0.896414342629482,0.4142259414225941,0,0,0,0.01307189568627451,0.00015512989261363597,0.011180122858377462,0.00015228064156767382,0.011618899972700233,0.0008116882969830495,0.029455082478239452,0.0031176928490197083,0.806584358428593,0.20351758205916531,0.5127118477466965,0.029455082478239452,0.9777778,0.06949126694030627,2
0.9163346613545816,0.47280334728033463,0,0,0,0.13507626274509804,0.0261135410274829,0.040993787764361,0.0046405538453637134,0.020914020787421248,0.010551947641623802,0.039027982775935326,0.011691347570028135,0.806584358428593,0.2072864337090603,0.5063559162462297,0.039027982775935326,0.895369,0.07635700409918245,2
0.40637450199203184,0.47698744769874474,0,0,0,0.037037039215686275,0.0014446149225370351,0.018633541376798672,0.00049859340768412,0.012393493954872005,0.003246753260984145,0.025773195097399153,0.007014808822609233,0.8189300348803532,0.1809045230391909,0.538135577562123,0.025773195097399153,0.9238095,0.05437269751450596,2
0,0.2928870292887029,0,0,0,0.4771241960784314,0.46676652767800986,0.20621116234713277,0.14813433923198038,0.14872193024700017,0.1022727264425915,0.2025036767120495,0.13639906433674,0.48559668734948847,0.42211053679831356,0.47457625874389553,0.2025036767120495,0.5952822,0.01715036000887271,2
0.9123505976095617,0.47280334728033463,0,0,0,0.01089324705882353,0.00018744869950317316,0.00621118023533042,0.0001095351883232352,0.004647560407360508,0,0.013254786353057537,0,0.8559670734948938,0.15452261236932147,0.5444915090625899,0.013254786353057537,1,0.08090525126305143,2
0.22709163346613545,0.41004184100418406,0,0,0,0.034858388235294115,0.0004395344368655719,0.06335403258670605,0.0012102298645949318,0.02995094128430492,0.010551947641623802,0.05596465717257248,0.021044426467827698,0.7345679016575216,0.25000000282663304,0.5084745619864983,0.05596465717257248,0.8644824,0.045805866471218815,2
0.23107569721115537,0.45606694560669453,0,0,0,0.08496732156862745,0.0034661010086625326,0.03229812693800453,0.0013487694697623047,0.1329718600456037,0.07711038492605206,0.21944034448129346,0.09508962680936471,0.41975307343392715,0.5854271099688145,0.2669491497145217,0.21944034448129346,0.6812664,0.055540421583434196,2
0.5537848605577689,0.47698744769874474,0,0,0,0.026143787058823528,0.0003878248973291979,0.05962732623432756,0.0027250223828510574,0.02736896599129252,0.011363636596074377,0.05154639085753762,0.017147310143497733,0.7613168657597924,0.23994973929793462,0.497881335191935,0.05154639085753762,0.85319865,0.054988148459689024,2
0.50199203187251,0.5523012552301255,0,0,0,0.058823529411764705,0.00021330350417559345,0.019875774069827698,0.00043814084706576183,0.0291763486964012,0.00649350652196829,0.06259205034910124,0.015588464595838982,0.7098765302354817,0.28768844017985656,0.4703389653565787,0.06259205034910124,0.915376,0.05069383573681174,2
0.08764940239043825,0.49372384937238484,0,0,0,0.0196078431372549,0.00013573871493782508,0.008695651211450234,0.00010953520996311699,0.003614768895887495,0,0.010309278569151115,0,0.8641975256973019,0.14447236240846187,0.5529660843965457,0.010309278569151115,0.7777778,0.08090525126305143,2
0.7569721115537849,0.4518828451882845,0,0,0,0.04357296862745098,0.0022580621797972903,0.021118043657264367,0.0005570119997472462,0.27782082038174505,0.2646103712288119,0.3195876117850691,0.24629772419960325,0.6913580109282115,0.39321606024626954,0.31144066831100986,0.3195876117850691,0.27171725,0.09728726592167741,3
0.8685258964143426,0.28870292887029286,0,0,0,0.05010889019607843,0.0005752732477900385,0.014906832117588064,0.0006732396605366172,0.2767880372358803,0.26542209524819727,0.3195876117850691,0.24240062611377625,0.7057613078379816,0.39824119201061875,0.2881355689816147,0.3195876117850691,0.28296396,0.10532180204348102,3
0.5378486055776892,0.1422594142259414,0,0,0,0.047930274509803916,0.0026953151887167182,0.04596272435014134,0.0011009745015830295,0.3699974289697112,0.35146102799138773,0.42268042398615296,0.3320342749170919,0.6172839336991305,0.4723617866026116,0.2542372981542659,0.42268042398615296,0.25936732,0.08989179134772973,3
0.2589641434262948,0.6234309623430963,0,0,0,0.11764708627450982,0.007058416073818265,0.0621118023533042,0.000309904386346331,0.15930803591969128,0.13311687310781758,0.20913106988857827,0.13172252979820637,0.6358024530064007,0.40452259258288986,0.34957626112737006,0.20913106988857827,0.4260139,0.07268961403503182,3
0.7529880478087649,0.3933054393305439,0,0,0,0.07407409019607843,0.0040075265743379895,0.04844718705296975,0.0012102318121842922,0.31887426239734357,0.3011363449583089,0.37334314010792974,0.27825409264991136,0.6419753051211703,0.4685929688723136,0.23516950174608575,0.37334314010792974,0.29599184,0.09912533466037032,3
0.14342629482071714,0.28033472803347276,0,0,0,0.03921570980392156,0.00031025910459472347,0.05714287471162268,0.002073153187569013,0.3054479908736791,0.30032466477009195,0.34388807552365186,0.2696804179366978,0.7427983464525221,0.3831658080241035,0.2754237364891553,0.34388807552365186,0.25891644,0.11951301593776842,3
0.7848605577689243,0.48535564853556484,0,0,0,0.09586056470588235,0.007653079495787409,0.1913043235214706,0.042948493041912415,0.28401756108497483,0.2775974003441769,0.3195876117850691,0.2525331176139324,0.7407407352537719,0.363065326192836,0.31144066831100986,0.3195876117850691,0.24899939,0.11538477433777311,3
0.7569721115537849,0.3765690376569037,0,0,0,0.04357301960784314,0.0013601542697301414,0.024844723177346383,0.0008557433544644375,0.31396850934062,0.2849025950900763,0.3784977807179839,0.2735775440817601,0.5576131718983388,0.5188441847570147,0.23728814367279505,0.3784977807179839,0.32273299,0.08092239396907375,3
0.9641434262948207,0.45606694560669453,0,0,0,0.17429194901960784,0.007608684801510097,0.03478258740480823,0.001322801755888861,0.33359154248153505,0.3271104031890389,0.37334314010792974,0.2977396532271347,0.7222222159465017,0.3969849232026969,0.273305094562446,0.37334314010792974,0.2453213,0.11494238132646706,3
0.9123505976095617,0.44351464435146437,0,0,0,0.12854033725490197,0.0016212282311023245,0.03229810904980689,0.0006208216922791499,0.27214046776577744,0.2451298786921276,0.3298969195147502,0.2369446691521537,0.5884773398795903,0.4736180554105335,0.2817796432014868,0.3298969195147502,0.33502588,0.07871105902281866,3
0.5976095617529881,0.3263598326359832,0,0,0,0.3289760392156863,0.007988387012553657,0.016149063021797326,0.00028108935453426213,0.22101730119340982,0.19967532792471324,0.2717231202376795,0.18784100037908025,0.6502057499161707,0.42462311964028665,0.3008474396096669,0.2717231202376795,0.35127252,0.08977381246498606,3
0.6972111553784861,0.3723849372384937,0,0,0,0.07625270980392157,0.0013509243688092979,0.03229814035415277,0.00047019957453107097,0.3860056897290686,0.36769479247000975,0.4432989731715834,0.34294621689957233,0.6131687113016302,0.5000000056532661,0.21186438334889418,0.4432989731715834,0.26862052,0.09725201681156453,3
0.46613545816733065,0.48117154811715473,0,0,0,0.026143792156862744,0.0006980842113493209,0.04099379223641042,0.0015308213950914402,0.1432997681889936,0.11769479612260716,0.18998526664222926,0.11847233457607685,0.6460905275186706,0.38442211075162236,0.3728813413889688,0.18998526664222926,0.437078,0.06896846073826429,3
0.16334661354581673,0.19246861924686193,0,0,0,0.05446629803921569,0.0017026765613187098,0.022360219108060925,0.00026339225199902016,0.45804288406019783,0.43425323267651594,0.5265095395691491,0.40841774252789576,0.5452674491502802,0.5753768464401162,0.1546609941243538,0.5265095395691491,0.26677614,0.09270914411769177,3
0.8605577689243028,0.5732217573221757,0,0,0,0.08061002352941177,0.004453525362463011,0.023602477291771593,0.0003660081602551544,0.2026852626703412,0.15665584694272852,0.2754050149086523,0.16991424957399065,0.469135760722449,0.5326632886290757,0.3050847425308819,0.2754050149086523,0.4837708,0.05429675069366341,3
0.05179282868525896,0.5648535564853556,0,0.9999999999999999,0,0.03485839215686275,0.0008273591247693704,0.02484472094132168,0.000534318039322839,0.07384456309355734,0.05844155796719514,0.10382916197474844,0.056897900018771624,0.7489711856043282,0.2814070283010532,0.4406779459673946,0.10382916197474844,0.48786426,0.07821512517075763,3
0.08366533864541834,0.3179916317991631,0,0,0,0.07407411372549019,0.0021972953058692866,0.026086953410748237,0.0004498287491888651,0.44642399524164206,0.4074675453939322,0.5324006028541929,0.39282929406611705,0.4341563333066586,0.6620602987093129,0.12288136522371435,0.5324006028541929,0.30969977,0.07892637141045872,3
0.5139442231075697,0.08786610878661087,0,0,0,0.04357299215686274,0.001827308164588818,0.018633553451332083,0.0006035064831643162,0.41466563639552706,0.39610387665500096,0.4698085458776985,0.3741231278527473,0.6008230255906103,0.49623112008377407,0.2309321797570743,0.4698085458776985,0.24900064,0.09053726519427069,3
0.6414342629482072,0.6192468619246861,0,0,0,0.08496732156862745,0.0016759682957868496,0.04968943964661865,0.001049904164176878,0.18202943244088096,0.18425323632911333,0.19587628353552072,0.16523771503545703,0.8436213933394296,0.2261306467324059,0.4364406659275353,0.19587628353552072,0.20284556,0.13499113740631302,3
0.5936254980079682,0.6150627615062761,0,0,0,0.08496733333333333,0.0028505131969415514,0.0310559011766521,0.00030188938529174746,0.058869099422745146,0.05113636322129575,0.0810014706848198,0.04286827535874434,0.8127571920248433,0.23743717906902617,0.4491525270216893,0.0810014706848198,0.50308645,0.10887964558298535,3
0.6454183266932271,0.23849372384937234,0,0,0,0.07189545098039216,0.0038588549596472164,0.03478261423710471,0.0006946134222665151,0.3958172237278768,0.3798701267867684,0.45213547531564446,0.35151985653874174,0.6275720082114002,0.4974874115047606,0.2012711737153477,0.45213547531564446,0.26505277,0.10130736947881858,3
0.7410358565737052,0.28870292887029286,0,0,0,0.052287556862745097,0.0012410399088022192,0.02981366423517613,0.0005129435346236666,0.2824683898518479,0.27597403996774317,0.3159057502510622,0.25331253302221246,0.7407407352537719,0.3517587938562157,0.33050846471919,0.3159057502510622,0.24472968,0.10901877022526574,3
0.5537848605577689,0.25941422594142255,0,0,0,0.06753809411764705,0.001444616056924616,0.01739129482041647,0.0007239952097957686,0.3227472253368622,0.3336039031363319,0.3387334216588113,0.2954013859578679,0.8580246883973478,0.27261306749987363,0.34322033534724217,0.3387334216588113,0.1761556,0.15740921931764656,3
0.9362549800796812,0.44351464435146437,0,0,0,0.03050112156862745,0.0007045193652176524,0.02857143176574958,0.0005358523574342949,0.31990706645722905,0.28896104716752397,0.38733430274422453,0.27825409264991136,0.5411522452712993,0.5351758827775812,0.22669491497145217,0.38733430274422453,0.33047688,0.07996286574820438,3
0.44223107569721115,0.3305439330543933,0,0,0,0.2897603921568627,0.012121464811995329,0.028571416113576633,0.0006346358065602311,0.4544281395640013,0.42126624008712465,0.5287187148106133,0.4076383271196156,0.475308631355738,0.6042713682182895,0.17796611252154537,0.5287187148106133,0.27834544,0.07823325010750332,3
0.7808764940239044,0.4602510460251045,0,0,0,0.8496731764705882,0.030301761058184662,0.021118009222483896,0.0006526017052803909,0.28608314829072495,0.2735389482667293,0.32768776415546563,0.2540919484304926,0.6934156221269616,0.39447234036072376,0.3072033653897948,0.32768776415546563,0.28057775,0.09922646735957424,3
0.5577689243027888,0.025104602510460247,0,0.9999999999999999,0.9999999999999999,0.1459695137254902,0.007764974963193486,0.11180123529184874,0.0016727657471255746,0.31087014596034535,0.29464287423179486,0.3578792315325535,0.276695226759307,0.6563785835124211,0.4283919373705847,0.2881355689816147,0.3578792315325535,0.26818594,0.09283049594367443,3
0.3107569721115538,0.0711297071129707,0,0,0,0.16775596078431373,0.006565304947814681,0.018633538469966553,0.0004748371454629968,0.4350632621243459,0.3904220642011196,0.5243004637385827,0.3834762249890499,0.39506168349336795,0.6758793686617769,0.13983051970518512,0.5243004637385827,0.32455578,0.07161813004434547,3
0.6693227091633466,0.38075313807531375,0,0,0,0.0392156862745098,0.0006205184709711963,0.019875784355541343,0.00021372665309220927,0.4058869064566044,0.3904220642011196,0.46170841338948143,0.3616523760981332,0.6275720082114002,0.4974874115047606,0.2012711737153477,0.46170841338948143,0.25975996,0.10107080013571096,3
0.8247011952191234,0.22594142259414224,0,0,0,0.05446617254901961,0.0021584427057482385,0.5913043235214706,0.018420932777005634,0.39530082169793407,0.3847402663576277,0.42709864192121766,0.3717848675982894,0.668724269223441,0.37185927568748317,0.37076269946225954,0.42709864192121766,0.19713038,0.1038085736844192,3
0.749003984063745,0.5564853556485355,0,0,0,0,0,0,0,0,0,0,0,0.8930041121094343,0.1092964830228403,0.5826271018789502,0,0,0.4690522913506116,4
0.749003984063745,0.5439330543933054,0,0,0,0,0,0,0,0,0,0,0,0.8930041121094343,0.1092964830228403,0.5826271018789502,0,0,0.4690522913506116,4
0.8326693227091634,0.5941422594142259,0,0,0,0,0,0,0,0,0,0,0,0.8930041121094343,0.1092964830228403,0.5826271018789502,0,0,0.4690522913506116,4
0.22310756972111553,0.3263598326359832,0,0,0,0.06753812549019608,0.0022804302086365637,0.13788818646657225,0.003392719708998411,0.11851278446205374,0.0949675316966921,0.16273931765287689,0.09431021140108459,0.6707818804221911,0.36557787511521206,0.3792372671690967,0.16273931765287689,0.47748852,0.07435373527240008,4
0.9641434262948207,0.34728033472803344,0,0,0,0.02614378823529412,0.0005429547550386007,0.0049689435174569245,0.00002137272373690174,0.008262329303248004,0.001623376593966099,0.021354934084278833,0.000779423194717905,0.8395061690900775,0.17839195715701628,0.5211864230806523,0.021354934084278833,0.9777778,0.08519622810799998,4
0.9083665338645418,0.38912133891213385,0,0,0,0.01960783725490196,0.0009558914157226817,0.06335403258670605,0.0014724079244670023,0.1378776270450078,0.11931818571981992,0.1730485922455921,0.11847233457607685,0.7016460854404813,0.3241205974186259,0.4173728599854569,0.1730485922455921,0.37553233,0.07048204121777413,4
0.896414342629482,0.502092050209205,0,0,0,0,0,0,0,0,0,0,0,0.8930041121094343,0.1092964830228403,0.5826271018789502,0,0,0.4690522913506116,4
0.7768924302788844,0.3514644351464435,0,0,0,0.06753811764705882,0.001961297662603116,0.029813666471200838,0.0009124174835241153,0.053188744018241495,0.04951298604291407,0.07142857237534188,0.037412314889717385,0.8456790063900317,0.21608040581677218,0.4512711689483986,0.07142857237534188,0.51256585,0.14486826423466836,4
0.16733067729083664,0.5899581589958159,0,0,0,0.07625272549019607,0.0029797887037335664,0.0273291903522242,0.0005984364319816679,0.01058610985549527,0.007305194745899393,0.019145801920870384,0.004676539448899782,0.8641975256973019,0.1557788924837757,0.5338982879883656,0.019145801920870384,0.64867723,0.11077179260943287,4
0.21115537848605578,0.5104602510460251,0,0,0,0.06100218431372549,0.001758139143631618,0.011180124870799696,0.00024845779775828136,0.037438679393917255,0.026785714311804265,0.059646538588758916,0.02416211896610697,0.7983539043743328,0.23241205861120934,0.472457613003627,0.059646538588758916,0.6304714,0.08950345809152316,4
0.6215139442231076,0.30962343096234307,0,0,0,0.047930286274509806,0.0021662713762250515,0.004968946200686571,0.00012416433268519483,0.13193906992839877,0.10633116390964964,0.17820324611043264,0.1075603996084053,0.6502057499161707,0.37939699029380547,0.37711862524238743,0.17820324611043264,0.45902446,0.06857782943281798,4
0.3784860557768924,0.34728033472803344,0,0,0,0.028322454901960784,0.0004977088337727776,0.009937892401373142,0.0003099048624237302,0.1409759834539422,0.11688311593439028,0.19072165618025289,0.1114575187386588,0.6584361947111712,0.39949747212507297,0.3347457485726086,0.19072165618025289,0.45154575,0.08266626122159221,4
0.601593625498008,0.602510460251046,0,0,0,0.0196078431372549,0.0010665181142499327,0.24099377882026216,0.09507654458984201,0.050864962071726166,0.03896103986232922,0.07290132494181646,0.038971158332933485,0.7839506074645628,0.23492461884011778,0.483050830264292,0.07290132494181646,0.5,0.07698155457804862,4
0.8247011952191234,0.09623430962343095,0,0,0,0.06753813333333333,0.0030209284037386623,0.009937888823733613,0.0003619979583492867,0.10069714099758764,0.07873376721807006,0.13917525670710415,0.08106000916414624,0.6893003997294613,0.3316582781053512,0.4173728599854569,0.13917525670710415,0.479958,0.06830538086932203,4
0.8804780876494024,0.21338912133891208,0,0,0,0.010893247843137254,0.0004379158403089444,0.014906832117588064,0.00040233831185262486,0.04466821648855822,0.0300324664770092,0.07584683670215879,0.025720965916727484,0.7654320881572926,0.28015074818659896,0.42584744676009056,0.07584683670215879,0.68080807,0.09206986017797392,4
0.4860557768924303,0.5899581589958159,0,0,0,0,0,0,0,0,0,0,0,0.8930041121094343,0.1092964830228403,0.5826271018789502,0,0,0.4690522913506116,4
0.07569721115537849,0.5146443514644351,0,0,0,0.026143792156862744,0.0001551301107650938,0.013664596517726923,0.00017365335736995225,0.02065582256098598,0.008116883700349969,0.04270986883129699,0.009353078897799565,0.7901234540237767,0.22738693815339245,0.48940676176475884,0.04270986883129699,0.8292328,0.07373315078173803,4
0.8844621513944223,0.21338912133891208,0,0,0,0.013071898039215686,0.0005203216459998702,0.009937887034913849,0.0003619980449088139,0.044926416806395565,0.0300324664770092,0.07584683670215879,0.026500388339816418,0.7633744769585424,0.27889446807214474,0.43008473061350916,0.07584683670215879,0.6703704,0.08937057895403144,4
0.7290836653386454,0.5606694560669456,0,0,0,0.028322441960784317,0.001067399201809994,0.004968943741059394,0.00019632097484493583,0.003872967122322762,0.0024350649640010958,0.00810014706848198,0.000779423194717905,0.8806584319539702,0.13190954769608088,0.5572033720635235,0.00810014706848198,0.5277778,0.11305043815922627,4
0.8924302788844621,0.19665271966527192,0,0,0,0.013071901960784314,0.0007358459145642102,0.009937888823733613,0.0002483286220906261,0.05809449986350116,0.04058441338811353,0.09351988075464004,0.037412314889717385,0.7386831240550219,0.3052763843952803,0.41101693420532903,0.09351988075464004,0.62222224,0.08569251408050915,4
0.22709163346613545,0.4267782426778242,0,0,0,0.13507626274509804,0.002134798403619988,0.016149069059064033,0.0002810889505898022,0.1453653553947438,0.1233766304920728,0.18851252070314786,0.12081060184534366,0.6728394916209413,0.366834177842731,0.3749999833156781,0.18851252070314786,0.4148072,0.07510501204724523,4
0.6334661354581673,0.12552301255230125,0,0,0,0.03267973725490196,0.0014130347066752952,0.004968944411866807,0.00012416428940543127,0.004905757936661749,0.0040584418501749845,0.00810014706848198,0.0023382696543018033,0.8847736589811002,0.1268844227156511,0.5614406597305015,0.00810014706848198,0.537037,0.12710247181326784,4
0.6334661354581673,0.4142259414225941,0,0,0,0.03267972549019608,0.0012063156068694322,0.009937870935535966,0.00019632090271199656,0.22050091310614758,0.19886362582091213,0.2606774826165134,0.19875292131713415,0.6481481387174206,0.37060299557302895,0.3940677797238582,0.2606774826165134,0.3074441,0.0636983481232879,4
0.7370517928286853,0.004184100418410039,0,0,0,0.017429189411764707,0.0004749863698969139,0.05217390905752117,0.0014184105045179746,0.04363542427995118,0.028409090029146995,0.07511045379152832,0.024941542792157666,0.7613168657597924,0.2814070283010532,0.42796608868679986,0.07511045379152832,0.6873016,0.08765432535770024,4
0.5617529880478087,0.4184100418410041,0,0,0,0.04357299215686274,0.0007948040685770452,0.012422354656996603,0.00024832840569180824,0.2003614779352898,0.17938311136864354,0.23784978469919157,0.180826191556471,0.6604938244284406,0.3517587938562157,0.41313557613203833,0.23784978469919157,0.31548372,0.060839574869045066,4
1,0.5271966527196653,0,0,0,0.03485838588235294,0.0009499728096022943,0.0136645951761121,0.0005138211977357181,0.005163955465962989,0.0024350649640010958,0.011782032461104326,0.000779423194717905,0.87037036670096,0.14447236240846187,0.5466101548028585,0.011782032461104326,0.75,0.09698953881654432,4
0.8167330677290836,0.20920502092050208,0,0,0,0.02178649019607843,0.0007045187892978037,0.011180121293160167,0.00033142786720498997,0.04931577898732081,0.034090911249262085,0.0810014706848198,0.03039750606710815,0.7592592490054865,0.28391959983649395,0.42584744676009056,0.0810014706848198,0.64589113,0.08937057895403144,4
0.948207171314741,0.3430962343096234,0,0,0,0.13507623529411764,0.02355390190933137,0.023602481763821008,0.0006224801223259237,0.1004389434682864,0.07224025996558231,0.15169367340431758,0.07326578493325689,0.6419753051211703,0.3969849232026969,0.35593218690749795,0.15169367340431758,0.57700235,0.07291801047721425,4
0.8207171314741035,0.4351464435146443,0,0,0,0.04139433333333334,0.0005752732477900385,0.0037267083648007226,0.000024044320064815775,0.008520526832549244,0.003246753260984145,0.019145801920870384,0.0023382696543018033,0.8497942343430877,0.1658291447059418,0.5317796441548767,0.019145801920870384,0.93333334,0.08625357168279973,4
0.3545816733067729,0.5146443514644351,0,0,0,0.015250543921568627,0.00003231875104276397,0.021118009222483896,0.00010953552734804979,0.01471727450711927,0.007305194745899393,0.030927837032931983,0.004676539448899782,0.8312757150358174,0.19597989571917385,0.49999998093220355,0.030927837032931983,0.88148147,0.09596334863506722,4
0.3386454183266932,0.7782426778242677,0,0.9999999999999999,0.49999999999999994,0.06318086274509804,0.0025335075403615103,0.028571445181897814,0.0007962500537390397,0.44074360776897314,0.41071426614679973,0.5154639284575557,0.3904910338116591,0.5041152066567587,0.603015076797303,0.15042372933873166,0.5154639284575557,0.28533262,0.08579327612660986,5
0.01195219123505976,0.7447698744769874,0,0,0,0.0806100588235294,0.006780470523025974,0.26211175763281,0.08266170834459809,0.18435322414727265,0.1712662364345273,0.21870397482544937,0.16056118751173226,0.7263374383440019,0.3316582781053512,0.3792372671690967,0.21870397482544937,0.27147257,0.07968089139995665,5
0.5298804780876494,0.7364016736401674,0,0,0,0.07407406666666667,0.002644612950447856,0.04720497247174084,0.0012873625542908567,0.41389105077896365,0.3847402663576277,0.4911634978559389,0.3600935102075289,0.5205761332837981,0.609296443449977,0.12288136522371435,0.4911634978559389,0.30745777,0.09219445521860947,5
1,0.7949790794979079,0,0,0,0.1808278705882353,0.00959013878621227,0.12422358905443545,0.004180301475291727,0.28091918376201963,0.2613636504759444,0.32474226564990966,0.25331253302221246,0.6419753051211703,0.40452259258288986,0.34322033534724217,0.32474226564990966,0.2753682,0.06581403603626612,5
0.8685258964143426,0.6903765690376569,0,0,0.49999999999999994,0.08278870196078432,0.0032424584168417115,0.11428570470275126,0.0020496524923517443,0.42034598901149467,0.38961037670770793,0.5014727724486541,0.36399064336740006,0.5061727993369896,0.6306532393152957,0.10169492688882487,0.5014727724486541,0.31446242,0.09271926294740868,5
0.8127490039840637,0.7489539748953975,0,0,0,0.050108913725490194,0.0017419746441687941,0.03602483329038302,0.0008106413685869129,0.3449522337707896,0.3271104031890389,0.4020618615459362,0.301636779372197,0.6316872306089005,0.4886934733166458,0.21186438334889418,0.4020618615459362,0.29078844,0.10069744126487301,5
0.8007968127490039,0.7615062761506276,0,0,0,0.04357301960784314,0.0013094453996569612,0.07577637516916924,0.001795559092313716,0.2907307177608278,0.2767857201559601,0.33578792978064853,0.2564302437589947,0.6810699364159416,0.4133165873036664,0.2881355689816147,0.33578792978064853,0.27838665,0.09969693734344659,5
0.8844621513944223,0.6276150627615062,0,0,0,0.05446624705882353,0.005306727930576877,0.20124220116508068,0.022377249213246034,0.2930544885531987,0.26298701085237813,0.3460971844911842,0.2657833198508708,0.5576131718983388,0.4547738536937202,0.34533895820615507,0.3460971844911842,0.30841646,0.04608242928416012,5
0.3426294820717131,0.7740585774058577,0,0.9999999999999999,0,0.05228753333333333,0.0015169864941559843,0.04968943293854453,0.0012038171741603654,0.4293829304223991,0.4017857110244666,0.5014727724486541,0.3795790918291787,0.5267489298430099,0.5866833787767365,0.1546609941243538,0.5014727724486541,0.28752622,0.08936705774955123,5
0.41434262948207173,0.7615062761506276,0,0,0,0.12636164705882352,0.0033249069278620254,0.06459627847228085,0.0015705688807535756,0.4190550013649884,0.3879870017208847,0.49779089103246765,0.3655494741839602,0.5041152066567587,0.6180904381707536,0.12499998808262724,0.49779089103246765,0.30846536,0.08954688010256118,5
0.30278884462151395,0.7280334728033473,0,0,0,0.11546843137254902,0.013373484719973808,0.13913040775587526,0.02316803469190435,0.2269558652813591,0.2134740153127109,0.2628866048388321,0.2018706180242987,0.7078189190367317,0.3505025137417615,0.3665254156088409,0.2628866048388321,0.27036038,0.0825960965891594,5
0.3466135458167331,0.7071129707112971,0,0,0,0.058823505882352946,0.0016350857178160283,0.08571425057675462,0.002083686183627958,0.3514071789746609,0.3303571239419064,0.4131074991671023,0.30631332794034827,0.6049382665066299,0.5138191095253272,0.1970339089297255,0.4131074991671023,0.3009182,0.09678328889727728,5
0.848605577689243,0.6276150627615062,0,0,0,0.14596950196078431,0.0012733650159058591,0.2571428411712521,0.013649163560862744,0.2819519738792246,0.2581169005022979,0.32916053660411976,0.2548714059276257,0.60905348890413,0.42211053679831356,0.34745761920066076,0.32916053660411976,0.29805613,0.061530509318691584,5
0.7848605577689243,0.7196652719665272,0,0,0,0.041394301960784315,0.0020622288377378983,0.07577637516916924,0.0011522880712604192,0.3767105717028837,0.3571428623608534,0.44108986420405105,0.327357754408176,0.6069958591868606,0.533919602663127,0.16101695804007454,0.44108986420405105,0.2986217,0.10303996887700023,5
0.749003984063745,0.7364016736401674,0,0,0,0.047930301960784315,0.0017516644083627752,0.06832297140851108,0.0017232698409584103,0.3382391119516379,0.32224024900779014,0.39690722093588204,0.2915042878720409,0.6481481387174206,0.49497485127585217,0.18432200016608047,0.39690722093588204,0.30575457,0.10813411393123967,5
0.4900398406374502,0.7531380753138075,0,0,0,0.1372549294117647,0.004779460394515568,0.07329192588248908,0.0020198180922684165,0.41647302607197606,0.38636364134445095,0.49558174892796947,0.3616523760981332,0.5123456699702785,0.6193467069786754,0.11440677844908076,0.49558174892796947,0.31361094,0.09182380211542474,5
0.7211155378486056,0.7322175732217573,0,0.9999999999999999,0,0.14379082352941178,0.0035671442263860644,0.03975152622661327,0.0008953617221652693,0.3377226959790146,0.31980520844313953,0.39690722093588204,0.29228371029512984,0.6337448418076506,0.4974874115047606,0.1949152288674234,0.39690722093588204,0.30452195,0.10339271943530115,5
0.5976095617529881,0.6359832635983264,0,0,0,0.08061002352941177,0.00398813378234139,0.4062111399868857,0.0302878522648156,0.27885361049894997,0.25243507343802696,0.3181148724733809,0.26266560911408854,0.5905349510783404,0.38065325910172737,0.4364406659275353,0.318851242129225,0.2638465,0.0024945324497433474,5
0.44223107569721115,0.7782426778242677,0,0,0,0.16557738431372548,0.005224851499939616,0.11055900505844689,0.0022525635325289263,0.3508907839160584,0.32629870839043257,0.4123711162564719,0.30943100360308634,0.5781892838858398,0.5125628181043407,0.22669491497145217,0.4123711162564719,0.29632849,0.0852000643676179,5
0.5418326693227091,0.7154811715481172,0,0,0,0.07189542745098039,0.006728760075979535,0.08074532740712251,0.006649590876395015,0.24348051412797875,0.22970779440172245,0.28424153693489296,0.21356196138544156,0.6995884557232119,0.37939699029380547,0.32627116179797494,0.28424153693489296,0.28575617,0.09819076992600045,5
0.01195219123505976,0.7949790794979079,0,0,0.9999999999999999,0.10675380392156862,0.0029299412701371246,0.11677016069750552,0.00225384721031628,0.3743868009105128,0.3441558332454883,0.4455080821391157,0.32813718384607377,0.5267489298430099,0.5678391996729879,0.18644064209278982,0.4455080821391157,0.30885938,0.08445772033255966,5
0.9322709163346613,0.7740585774058577,0,0,0,0.06535947450980392,0.002326950047155619,0.04968943293854453,0.0008282796034304118,0.32946038201271516,0.3051948189513407,0.38807069890964135,0.2907248444045255,0.5884773398795903,0.4924623136600085,0.24999997616525443,0.38807069890964135,0.29423782,0.08457095485558253,5
0.6613545816733067,0.7447698744769874,0,0,0,0.14814813333333335,0.003905299230501274,0.08447203599552572,0.001114024720823885,0.4071779010744509,0.37499998721590916,0.4801177873334478,0.3608729326306178,0.5000000027777778,0.5854271099688145,0.18432200016608047,0.4801177873334478,0.29552308,0.07962082706458551,5
0.9920318725099602,0.6903765690376569,0,0,0.49999999999999994,0.06318086274509804,0.0018548805891276106,0.07701861881871933,0.0012228763557746603,0.37412860338121157,0.3441558332454883,0.4484536270364239,0.32424003665658496,0.5288065780787987,0.5841708411608927,0.15677963605106315,0.4484536270364239,0.3181372,0.08871433763484293,5
0.9681274900398407,0.7656903765690376,0,0,0,0.06753811764705882,0.001995509919434049,0.05093167882411932,0.0014697879839795627,0.34675962344723854,0.32467531148802503,0.408689254722465,0.3024161947804771,0.5987654143918602,0.5138191095253272,0.2033897965742606,0.408689254722465,0.30085307,0.09435211959552331,5
0.7051792828685259,0.7280334728033473,0,0,0,0.10239654509803922,0.0031524938027533856,0.06956521953011058,0.0016425397373149176,0.34185387039051496,0.32142856881957327,0.4020618615459362,0.2977396532271347,0.6131687113016302,0.5037688459966289,0.20550843850096995,0.4020618615459362,0.30003616,0.09725275811777095,5
0.9083665338645418,0.7698744769874477,0,0,0,0.16339866666666666,0.003975444173820289,0.09192545764438151,0.0016212846126302466,0.3325587593356703,0.31006492199622626,0.39027982775935327,0.29306313973302756,0.6008230255906103,0.4886934733166458,0.24364403131733015,0.39027982775935327,0.29027814,0.08863162639486721,5
0.01593625498007968,0.8326359832635983,0,0,0.49999999999999994,0.08496734117647059,0.002914500335429682,0.09937886587708906,0.0018850904965429568,0.3576039266492309,0.33198050623392444,0.4263623120297326,0.30943100360308634,0.5679012278920893,0.5515075129589536,0.17161016767362114,0.4263623120297326,0.3175664,0.09452669720712337,5
0.46613545816733065,0.7071129707112971,0,0,0,0.07625273333333334,0.002586388500870163,0.06956521953011058,0.0007852845485761969,0.3384973094809391,0.32224024900779014,0.39101619741519733,0.2985190966946501,0.6460905275186706,0.46356783710796445,0.23940676653170795,0.39101619741519733,0.27882218,0.09913265505915819,5
0.3386454183266932,0.7615062761506276,0,0,0,0.12854036470588237,0.002883367679098857,0.04968943293854453,0.0013052020400349355,0.4280919218618721,0.39204546110352706,0.5073637959693388,0.3787996764208986,0.4629629641632373,0.6231155473220381,0.15889831611336525,0.5073637959693388,0.29957896,0.07812913365081875,5
0.8087649402390438,0.606694560669456,0,0,0,0.01960785490196078,0.00048671555353576397,0.04472048517264067,0.0004023382252930978,0.1652465790936198,0.1266233804657193,0.16863034117356157,0.19875292131713415,0.5390946525910685,0.16834170832680992,0.8474576096667625,0.18777614441991056,0.38903406,1,6
0.2788844621513944,0.7071129707112971,0,0.9999999999999999,0,0.047930274509803916,0.0009824887206970237,0.06708074117510923,0.0013464800424026271,0.15569327050947393,0.1339285752116187,0.14212076846744648,0.19095867604181835,0.6707818804221911,0.07914572974830177,0.8622881222215242,0.18041236170535815,0.3273826,0.9238122731730423,6
0.2350597609561753,0.7112970711297071,0,0.9999999999999999,0,0.06535947450980392,0.002094254867918891,0.05962732623432756,0.0015067759519167595,0.13684482995646258,0.12499999086850656,0.11855670752167373,0.16757599633434148,0.7530864154092362,0.050251257718870686,0.8262711713318731,0.15832106658084633,0.28569087,0.8747571874686857,6
0.40637450199203184,0.8577405857740585,0,0,0,0.03485838588235294,0.0011376191892305083,0.048447193761043866,0.0008255212398325015,0.1014717266141511,0.0795454547114817,0.0905743756216909,0.13406078303785554,0.6893003997294613,0.07914572974830177,0.8432203258133439,0.12665684000989072,0.43169576,0.9226476811228359,6
0.350597609561753,0.8786610878661087,0,0,0,0.05446622745098039,0.0025919618343151897,0.032298135882103354,0.0011434413990558665,0.09811515873323497,0.07792207972465844,0.08247422987868755,0.13406078303785554,0.7037036966392314,0.054020101454193045,0.8707626899283614,0.12665684000989072,0.44601154,0.898493182086358,6
0.027888446215139442,0.7866108786610878,0,0,0,0.06535949411764706,0.001376641685706926,0.031055907884726217,0.0005138211977357181,0.10457010393710625,0.09740259417692698,0.07805596555187065,0.13951676104390456,0.800411515573083,0,0.8622881222215242,0.13181149387473126,0.40888458,0.822155451948541,6
0.7928286852589641,1,0,0,0,0.08932461568627452,0.0024795024890208735,0.032298135882103354,0.0007397945596183071,0.0642912475380712,0.04788960813401292,0.04860088439910983,0.0966484786703514,0.7448559576512722,0.045226134999747356,0.8432203258133439,0.09131075190492818,0.5633903,0.875461465430047,6
0.6454183266932271,0.6485355648535565,0,0,0,0.06971676862745098,0.001913270484770934,0.054658394120596636,0.0007587316922993471,0.1182545869327525,0.0900973994310276,0.10824742630156535,0.1558846319287722,0.6358024530064007,0.08793970072536039,0.8834745605564136,0.14727539582271432,0.4462137,0.9353015556736992,6
0.7370517928286853,0.6778242677824268,0,0,0,0.05664488235294117,0.0014478809116427258,0.04720497247174084,0.0014319725069629925,0.1195455745792587,0.09902596916375024,0.10309277906411797,0.15666406838147875,0.6934156221269616,0.05527638496060696,0.8792372576351986,0.14801178536073795,0.39643326,0.9013707659855874,6
0.00398406374501992,0.9790794979079498,0,0,0,0.07407407058823529,0.003774828253720268,0.07080744976351243,0.002364357686471583,0.04466821648855822,0.04545454565377804,0.03976435905917261,0.04910366175826463,0.8827160450045722,0.0954773881960051,0.6165254070283326,0.04786450679039391,0.19104938,0.794605270105202,6
0.24302788844621515,0.8870292887029289,0,0,0,0.09803921568627451,0.009986490316518567,0.03726707693993311,0.0017632494504191357,0.04647560058793495,0.03571428623608534,0.030927837032931983,0.07326578493325689,0.794238672717573,0.04145728900311853,0.7987287881490595,0.06921944352563002,0.5931498,0.8483393323229207,6
0.9601593625498008,0.7196652719665272,0,0,0,0.05882352549019607,0.0016350851418961794,0.04844720270514268,0.0012970562836013264,0.10715207923011864,0.09253246921645722,0.08247422987868755,0.1473109852747939,0.7427983464525221,0.010050252222166087,0.9046610179590994,0.13917525670710415,0.42024404,0.853766787180199,6
0.7928286852589641,0.8535564853556485,0,0,0,0.06100219215686275,0.001672600473580637,0.10559005058446891,0.0019079533923111482,0.16059902356619749,0.12499999086850656,0.14948453129981934,0.20654715256283235,0.5637859684575505,0.0929648257057902,0.9491524984199947,0.19513991387967664,0.42076695,0.9436826153816702,6
0.22310756972111553,0.694560669456067,0,0,0,0.037037056862745096,0.0009630979007896037,0.03229813141005395,0.0012396189880441097,0.1365866254558211,0.11525974094756702,0.12223858893786017,0.17225252385806625,0.6810699364159416,0.07035176103254961,0.8665254060749428,0.16273931765287689,0.3589904,0.9162938158994578,6
0.24701195219123506,0.8744769874476988,0,0,0,0.11982572549019609,0.026637094927647015,0.0819875732926973,0.004392095037744282,0.0570617097462962,0.04788960813401292,0.04270986883129699,0.08106000916414624,0.8024691267718331,0.050251257718870686,0.7754237078874606,0.07658320635800289,0.48671728,0.8569685072181635,6
0.46215139442231074,0.8912133891213389,0,0,0,0.11982570980392157,0.004467145866885028,0.0683229781165852,0.0021795164525135876,0.14123419492592396,0.11282467846733214,0.11782033123843642,0.19329695032589397,0.6255143784941308,0.02512562829410872,1,0.18262149718246318,0.44151622,0.8960730582470788,6
0.9243027888446215,0.8368200836820083,0,0.9999999999999999,0,0.10457516470588235,0.010626401143183448,0.03726707693993311,0.0012503042567378658,0.10766848126006139,0.09090909422963397,0.10088365021440611,0.13094310737511747,0.7263374383440019,0.10175879442154236,0.7669491401806234,0.12371134813172793,0.33542147,0.942555051576472,6
0.9203187250996016,0.6861924686192469,0,0,0,0.0457516431372549,0.0010883306422169495,0.06335403258670605,0.0015638054799682497,0.10715207923011864,0.09090909422963397,0.08983799271106044,0.14107559186046478,0.7304526607415022,0.04773869296734932,0.8538135354468905,0.1332842331864195,0.38741234,0.8845907069594514,6
0.11155378486055777,0.7698744769874477,0,0,0,0.017429189411764707,0.0007045184228033545,0.013664590033255276,0.0004908023289129306,0.11179964172888125,0.10551948372143276,0.08836524014458585,0.1426344507362603,0.804526743526139,0.01758794421542373,0.8283898132585825,0.13475699900768043,0.34230694,0.8291491756239469,6
0.24701195219123506,0.7949790794979079,0,0,0,0.05664488235294117,0.0016030093731827983,0.02111800653925425,0.00039806692378693316,0.05422153483258047,0.04545454565377804,0.03681884928704823,0.08106000916414624,0.806584358428593,0.03391960266312706,0.7987287881490595,0.07658320635800289,0.54320127,0.8365523968477511,6
0.3665338645418327,0.9414225941422594,0,0.9999999999999999,0,0.0697167725490196,0.004705608098061349,0.04472049188071479,0.000673240771383882,0.08727084855990236,0.06980519018015267,0.07142857237534188,0.12081060184534366,0.728395049542752,0.050251257718870686,0.8516948935201811,0.11413844319485682,0.44724658,0.8892241672717425,6
0.2828685258964143,0.7531380753138075,0,0.9999999999999999,0,0.0501089294117647,0.0008855334867723428,0.06956521953011058,0.0033234578049715752,0.10586109158361245,0.08847402444420434,0.09867452136469425,0.13016367092241085,0.7222222159465017,0.09924623193132745,0.7754237078874606,0.12297495859370426,0.3503698,0.9407693375886041,6
0.20318725099601592,0.6652719665271967,0,0,0,0.02178649568627451,0.0007948044699757276,0.021118009222483896,0.0002810895276533164,0.1773818838847989,0.14691557510620473,0.16789396489032427,0.21667965809260611,0.5967078031931101,0.10552763883525665,0.8940677892577564,0.2047128188165477,0.34911168,0.9516450780075595,6
0.9243027888446215,0.7238493723849372,0,0,0,0.019607850980392156,0.00013573866432668686,0.017391301528490586,0.0005663770192534356,0.08262328606113978,0.07142857247217067,0.0655375554820504,0.1114575187386588,0.7777777683127567,0.04271356911757275,0.8135593007038209,0.10530191454122302,0.40555555,0.8635468584934853,6
0.9402390438247011,0.7531380753138075,0,0,0,0.0392156862745098,0.0005429546503259009,0.033540370587554616,0.0007293440115089547,0.051123163086697544,0.03896103986232922,0.03608247565476822,0.07872174189487943,0.7818929962658128,0.045226134999747356,0.8050847329969837,0.07437407750829103,0.5358197,0.8623935342976159,6
0.1394422310756972,0.9707112970711296,0,0.9999999999999999,0,0.07407407843137255,0.003231872486458903,0.04472049411673949,0.0005129448330165736,0.0929512011758699,0.07224025996558231,0.08026509440158251,0.1262665588069662,0.7016460854404813,0.06783919741168147,0.8495762515934719,0.11929307717751783,0.4522286,0.9079631094155545,6
0.7370517928286853,0.8661087866108786,0,0,0,0.04575163137254902,0.0012992127873752786,0.026086951174723528,0.0004728711405631505,0.09553318344022257,0.07792207972465844,0.08394698244516213,0.12470772097559714,0.7242798271452519,0.07412060363721873,0.8156779426305303,0.11782033123843642,0.40134683,0.9106268079415913,6
0.7808764940239044,0.9414225941422594,0,0,0,0.09586056470588235,0.011919146437918283,0.07453415611589093,0.005482101942309229,0.11205783925818247,0.09577921919010372,0.11045656177867039,0.12938425551413077,0.728395049542752,0.12939698520586598,0.7182203186629204,0.12297495859370426,0.29272884,0.9860763420482466,6
0.8247011952191234,0.9581589958158996,0,0.9999999999999999,0,0.04139434117647059,0.0015060535458861523,0.0546583807044484,0.003611989850606912,0.09863156076317772,0.0795454547114817,0.086156111294874,0.13016367092241085,0.7119341414342318,0.07035176103254961,0.8347457390387103,0.12297495859370426,0.42162097,0.9124437123880923,6
0.8844621513944223,0.7280334728033473,0,0,0,0.0196078431372549,0.0006101314423615925,0.05341613929092302,0.0015009246721485775,0.0903692258828575,0.08441557967195146,0.0648011791988131,0.12314886209980162,0.8148148069272972,0.0012562914209865578,0.8453389677400533,0.1163475654171755,0.44541803,0.8098399651482301,6
