0.51153,0.91699,0.31145999999999996,1.0,0.5188,0.926215,0.411225,0.798775,0.275275,0.8026800000000001,0.30888499999999997,0.92178,0.30729,0.79106,0.33904,0.7848550000000001,0.35163,0.6847300000000001,0.263215,0.784055,0.244145,0.70539,0.26916,0.60633,0.32955,0.711335,0.22756500000000002,0.593205,0.27349999999999997,1
0.31922,0.44566,0.032015000000000016,1.0,0.477255,0.75437,0.161285,0.67216,0.15146500000000002,0.24157499999999998,0.01242500000000002,0.527495,0.188815,0.665545,0.0,0.434245,0.27349999999999997,0.40972,0.32133,0.39834,0.367155,0.39766,0.407995,0.4048,0.442035,0.41687,0.46856,0.43130999999999997,0.487765,0
0.502425,1.0,0.43969,0.944825,0.50599,0.86541,0.52673,0.927215,0.504135,0.7729550000000001,0.501495,0.918875,0.43178,0.877675,0.4573,0.8544350000000001,0.36249,0.716925,0.43969,0.78764,0.2989,0.7949200000000001,0.389275,0.7155,0.413175,0.80218,0.3791,0.780225,0.30881000000000003,1
1.0,0.85608,0.0,0.5,0.5,0.5,0.5,0.5,0.5,0.0,0.57258,0.77047,0.30335,0.0,0.227665,0.150125,1.0,0.5,0.5,1.0,0.9534750000000001,0.758065,1.0,1.0,0.399505,0.62841,1.0,0.33809,1.0,0
0.532655,0.96053,0.383725,0.88576,0.418005,0.76399,0.398625,0.782045,0.49644,0.671975,0.362715,0.7646999999999999,0.3911,0.725535,0.410935,0.52991,0.322125,0.511545,0.235605,0.51643,0.17420999999999998,0.56645,0.23397,0.512155,0.189015,0.471465,0.202135,0.47696,0.17151499999999997,1
0.440255,0.496185,0.44088,0.57353,0.533185,0.51893,0.46849,0.5,0.5,0.47714,0.4223,0.498285,0.44902,0.442125,0.47293,0.50919,0.5183450000000001,0.507595,0.50444,0.517565,0.492325,0.4838,0.546115,0.46070500000000003,0.50366,0.5,0.5,0.499805,0.560055,0
0.396,0.9640299999999999,0.35825,0.92998,0.36329,0.89883,0.260355,0.891125,0.24618,0.87314,0.19282,0.789725,0.15957,0.68926,0.131795,0.68162,0.11719000000000002,0.65949,0.10123500000000002,0.6139600000000001,0.09183000000000002,0.568295,0.08745000000000003,0.52303,0.08802500000000002,0.47869,0.09340999999999999,0.43084,0.09512500000000002,1
0.5,1.0,0.0,0.5,0.5,0.0,0.0,0.5,0.5,0.5,0.5,1.0,1.0,0.0,0.0,0.5,0.5,0.5,0.5,1.0,1.0,1.0,1.0,0.5,0.5,1.0,1.0,0.5,0.5,0
0.428335,1.0,0.393435,1.0,0.31913,0.96285,0.282155,0.97255,0.29666000000000003,0.9519599999999999,0.26809499999999997,0.991525,0.323715,0.922685,0.1699,0.87673,0.19705499999999998,0.848185,0.178875,0.92553,0.1728,0.787885,0.15144000000000002,0.627175,0.18040499999999998,0.72557,0.13610499999999998,0.694475,0.13290000000000002,1
0.5,0.5,0.5,0.55735,0.36595,0.271685,0.30913999999999997,0.5,0.5,0.33172,0.69301,0.31433500000000003,0.57509,0.81864,0.610575,0.5,0.5,0.5,0.5,0.425985,0.49337,0.603225,0.48853,0.5,0.5,0.582975,0.62043,0.45896,0.690325,0
0.40806,1.0,0.3634,1.0,0.28446499999999997,1.0,0.293255,0.98116,0.24063,0.9535549999999999,0.204915,0.94615,0.16763,0.84938,0.145015,0.853225,0.1184,0.8154049999999999,0.09727999999999998,0.779335,0.05436000000000002,0.736055,0.0675,0.701515,0.081625,0.65498,0.054535,0.614975,0.05420999999999998,1
0.0,1.0,0.0,1.0,0.6810849999999999,1.0,0.29440500000000003,1.0,1.0,1.0,0.0,1.0,0.35323,1.0,0.032005000000000006,1.0,1.0,1.0,1.0,1.0,0.29556,1.0,0.18627500000000002,1.0,0.0,1.0,0.0,1.0,0.0,0
0.44915499999999997,0.999995,0.42401500000000003,1.0,0.403615,0.970275,0.324245,0.978675,0.351075,0.968595,0.32794,0.97243,0.35947,0.950685,0.28308500000000003,0.930215,0.26346,0.914935,0.2439,0.9204,0.26431499999999997,0.88112,0.20815,0.828615,0.15603,0.8435699999999999,0.177315,0.823635,0.16387000000000002,1
0.6113999999999999,0.92746,0.30052,1.0,0.43955,1.0,0.675735,1.0,0.53886,1.0,0.426165,1.0,0.0,1.0,0.0,0.8091550000000001,0.5790150000000001,1.0,0.8117449999999999,1.0,0.41494,1.0,0.67962,1.0,0.16753,1.0,0.94214,1.0,0.40587,0
0.5171,1.0,0.472185,1.0,0.54382,1.0,0.598255,1.0,0.60164,1.0,0.563925,1.0,0.552805,1.0,0.635435,1.0,0.7237899999999999,1.0,0.70875,1.0,0.6001650000000001,1.0,0.683715,0.9780150000000001,0.743205,1.0,0.66246,1.0,0.73356,1
0.63354,0.4824,0.0,1.0,0.0,0.718425,0.0,0.5,0.5,0.0,0.328675,0.311595,0.518115,1.0,0.0,0.5,0.5,0.5,0.5,0.41873499999999997,0.9611799999999999,0.69876,0.632505,0.5,0.5,1.0,0.61594,0.5,0.5,0
0.49382,0.989055,0.51249,0.98056,0.51156,0.99637,0.53904,0.946615,0.55173,0.97106,0.526345,0.944045,0.5556,0.93052,0.543155,0.908165,0.55915,0.9183399999999999,0.57221,0.9066449999999999,0.56706,0.8973800000000001,0.56819,0.8955500000000001,0.576895,0.88561,0.57965,0.854705,0.560075,1
0.0,1.0,1.0,0.0,1.0,0.0,1.0,1.0,0.0,1.0,1.0,0.0,0.0,0.0,1.0,1.0,0.0,0.0,1.0,0.0,1.0,1.0,0.0,0.0,1.0,0.0,0.0,1.0,0.0,0
0.525155,0.7859849999999999,0.593805,0.54388,0.670405,0.8181050000000001,0.560655,0.810495,0.571425,0.893185,0.55488,0.791865,0.590755,0.571975,0.70612,0.76944,0.60663,0.7571,0.613125,0.74419,0.61862,0.730835,0.62309,0.717165,0.62653,0.703315,0.62896,1.0,0.66518,1
0.5,0.5,0.5,1.0,1.0,1.0,0.0,0.140625,1.0,0.5,0.5,0.0,1.0,1.0,1.0,0.0,1.0,1.0,0.78125,0.0,1.0,1.0,1.0,1.0,0.0,1.0,1.0,1.0,1.0,0
0.45083,1.0,0.461755,1.0,0.446975,1.0,0.444635,1.0,0.302555,1.0,0.42192,0.96062,0.34058,0.932365,0.32733,0.958465,0.27964,0.9803,0.26566999999999996,0.90937,0.29813999999999996,0.913405,0.288845,0.8789199999999999,0.30884500000000004,0.9022399999999999,0.297125,0.8717699999999999,0.27480499999999997,1
0.5,0.5,0.5,0.0,0.0,0.5,0.5,0.5,0.5,0.0,0.0,0.0,0.0,0.0,1.0,0.0,1.0,0.5,0.5,0.5,0.5,1.0,0.0,0.0,1.0,0.0,1.0,0.0,1.0,0
0.5214799999999999,1.0,0.546565,0.9508449999999999,0.47428,0.946315,0.5129,0.91625,0.46929,0.93767,0.549155,0.88272,0.5014,0.87603,0.473525,0.829805,0.460475,0.82079,0.470355,0.778385,0.461475,0.7902549999999999,0.488975,0.74832,0.493745,0.7565500000000001,0.499925,0.7604949999999999,0.49909,1
0.5,0.5,0.5,0.0,1.0,1.0,1.0,0.5,0.5,0.5,0.5,1.0,0.0,0.0,1.0,1.0,1.0,0.5,0.5,0.0,0.0,1.0,0.0,1.0,1.0,0.0,1.0,0.5,0.5,0
0.51471,1.0,0.474345,1.0,0.491465,1.0,0.44137,0.922465,0.47399,0.96696,0.46701,0.84585,0.463105,0.8286549999999999,0.398165,0.97455,0.34221,0.9042600000000001,0.34173,0.92466,0.32581,0.862645,0.35413,0.86547,0.30712,0.77178,0.36858,0.821035,0.302565,1
0.0,1.0,0.0,1.0,0.0,1.0,0.0,1.0,0.0,1.0,0.0,1.0,0.0,1.0,0.0,1.0,0.18602000000000002,1.0,0.0,1.0,0.0,1.0,0.0,1.0,0.0,1.0,0.0,1.0,0.0,0
0.41368499999999997,0.933175,0.09110499999999999,0.974085,0.805265,0.977365,0.29308999999999996,0.94243,0.34132,0.939685,0.382835,0.9052549999999999,0.1891,0.561225,0.0,0.9514199999999999,0.555265,0.811785,0.107265,0.776945,0.08566000000000001,0.74068,0.067085,0.7032499999999999,0.05163000000000001,0.66492,0.039360000000000006,0.433295,0.0,1
0.5,0.0,1.0,1.0,0.3125,0.5,0.5,0.5,0.5,0.5,0.5,1.0,0.0,0.0,0.0,1.0,0.0,0.5,0.5,1.0,0.0,0.0,1.0,0.0,0.0,0.5,0.5,0.0,1.0,0
0.586935,1.0,0.43346,0.9908600000000001,0.8226,1.0,0.73952,1.0,0.7955650000000001,1.0,0.85379,1.0,0.9138850000000001,1.0,0.975495,1.0,1.0,0.99021,1.0,0.9581200000000001,1.0,0.919495,1.0,0.8741099999999999,1.0,0.82179,1.0,0.7623949999999999,1.0,1
1.0,1.0,0.0,0.0,1.0,1.0,0.0,0.0,0.0,0.5,0.5,1.0,1.0,0.0,0.0,1.0,0.0,1.0,0.0,1.0,1.0,1.0,0.0,1.0,0.0,0.0,1.0,1.0,0.0,0
0.41872,1.0,0.38172,1.0,0.46243,1.0,0.37495,1.0,0.369195,1.0,0.390125,1.0,0.30696999999999997,1.0,0.26919000000000004,1.0,0.322405,1.0,0.201695,1.0,0.261785,0.9941,0.25156500000000004,1.0,0.12090000000000001,1.0,0.121195,1.0,0.07781500000000002,1
1.0,1.0,0.0,1.0,0.0,1.0,0.0,1.0,0.4908,1.0,0.0,1.0,1.0,1.0,0.07208500000000001,1.0,1.0,1.0,0.0,0.5,0.5,1.0,1.0,1.0,0.10429500000000003,1.0,1.0,1.0,1.0,0
0.44471499999999997,0.9605,0.41775,0.941535,0.41481999999999997,0.94231,0.340955,0.926345,0.342685,0.91058,0.32038,0.903405,0.33184,0.876215,0.26488999999999996,0.8527750000000001,0.264235,0.83075,0.249575,0.806485,0.25956999999999997,0.7840199999999999,0.22685499999999997,0.750895,0.20073000000000002,0.735375,0.213115,0.7109449999999999,0.20956999999999998,1
0.38466500000000003,0.990095,0.452635,0.998545,0.44882,1.0,0.445245,0.794825,1.0,0.9186300000000001,0.0,0.91135,0.41068499999999997,0.9037999999999999,0.358715,0.37043000000000004,0.96365,0.759665,0.52728,0.827465,0.39804,0.9656199999999999,0.293465,0.819055,0.390495,0.93068,0.06323000000000001,0.38407,0.0,0
0.63843,0.917215,0.20806000000000002,1.0,0.358965,1.0,0.250685,0.89981,0.437365,0.884185,0.57319,1.0,0.696685,1.0,0.63295,0.98177,0.490545,0.962995,0.043310000000000015,1.0,0.5740149999999999,1.0,0.44209,1.0,0.444355,1.0,0.76686,1.0,0.21121,1
1.0,1.0,0.163395,0.9044650000000001,0.29777,1.0,0.0,1.0,0.05312499999999998,1.0,0.866965,0.5879449999999999,0.8549100000000001,1.0,0.89018,1.0,0.9263399999999999,1.0,0.0,1.0,0.926785,1.0,0.457145,0.9799100000000001,0.31875,1.0,0.8263400000000001,1.0,0.67366,0
0.493955,1.0,0.4852,1.0,0.46493,0.989195,0.46872,1.0,0.46728000000000003,0.986305,0.460415,0.962805,0.43167500000000003,0.97092,0.428365,0.9979450000000001,0.42876000000000003,0.974075,0.432175,0.947345,0.395745,0.945335,0.410455,0.92822,0.40724,0.918885,0.399495,0.919335,0.39617,1
0.0,0.5,0.5,0.5,0.5,0.0,0.0,0.5,0.5,0.5,0.5,0.0,1.0,1.0,1.0,0.0,1.0,0.0,1.0,1.0,0.0,1.0,1.0,0.0,1.0,1.0,1.0,0.5,0.5,0
0.5114,0.973525,0.526725,0.96791,0.506605,0.9595549999999999,0.53174,0.96383,0.560335,0.96024,0.531055,0.944495,0.5636099999999999,0.91872,0.572195,0.904915,0.559245,0.885205,0.57111,0.878775,0.556495,0.86775,0.56641,0.831935,0.5765,0.854625,0.55377,0.82629,0.557235,1
0.524305,0.987725,0.5357149999999999,0.808725,0.0,0.9551799999999999,0.555735,0.94231,0.7682,0.910385,0.570685,0.884645,0.575945,1.0,0.705015,0.82925,0.581855,0.80069,0.58258,0.77223,0.58195,0.744335,0.580095,0.717405,0.57718,0.69176,0.573385,1.0,1.0,0
0.60373,1.0,0.631405,0.965255,0.661065,0.933865,0.695195,0.87737,0.75041,0.897775,0.761605,0.82977,0.8037799999999999,0.788095,0.814995,0.739035,0.835675,0.702765,0.8442000000000001,0.67192,0.86041,0.63856,0.86193,0.59648,0.85341,0.55686,0.86344,0.53495,0.85722,1
1.0,1.0,0.428125,0.5,0.5,0.0,1.0,1.0,1.0,0.589585,0.0,0.0,0.0,0.54375,0.0,1.0,0.0,0.0,1.0,0.0,0.0,1.0,0.0,0.0,0.0,1.0,1.0,0.5,0.5,0
0.58444,1.0,0.58299,0.775935,0.84077,0.851035,0.683595,0.58143,0.713695,0.7881,0.73043,0.755335,0.74809,0.658195,0.564835,0.68912,0.77231,0.65637,0.77913,0.62428,0.782635,0.59313,0.7830250000000001,0.563175,0.780505,0.534635,0.775305,0.560685,0.838695,1
0.914285,1.0,0.0,1.0,0.383035,1.0,0.9808049999999999,1.0,0.311605,1.0,0.0,1.0,0.569195,1.0,0.0,1.0,0.483035,0.07856999999999997,1.0,0.76875,0.92857,1.0,1.0,1.0,0.0,1.0,0.0,1.0,0.0,0
0.434955,0.993315,0.40285,0.9968699999999999,0.37078500000000003,0.9636899999999999,0.34935,0.963255,0.310175,0.94906,0.28102,0.9246099999999999,0.23968,0.937165,0.214625,0.89508,0.200805,0.873625,0.176925,0.84141,0.157605,0.826235,0.13413000000000003,0.80505,0.12323499999999998,0.77376,0.09860999999999998,0.745975,0.08377499999999999,1
0.5,0.5,0.5,1.0,1.0,1.0,1.0,0.5,0.5,0.5,0.5,0.3125,0.0,0.0,0.0,0.5,0.5,0.5,0.5,0.0,0.0,0.0,0.0,0.0,1.0,1.0,0.5,0.5,0.5,0
0.46308499999999997,0.998005,0.444805,0.99919,0.450345,0.994705,0.43093,0.9833700000000001,0.391525,0.97644,0.374505,0.95618,0.328,0.952905,0.33924,0.949955,0.326545,0.93937,0.311785,0.931065,0.28505,0.91586,0.28439000000000003,0.907165,0.28703500000000004,0.889595,0.260115,0.875575,0.24924000000000002,1
0.630655,0.318035,0.678195,0.84629,0.182865,1.0,0.483235,0.3549,0.49725,0.22574,0.57726,0.959605,0.26865,1.0,0.24788,0.351325,0.34273,0.13068000000000002,0.686805,0.91936,0.26633,0.7610399999999999,0.20934999999999998,1.0,0.193035,0.45183,0.602385,0.469415,0.709565,0
0.48091,0.987825,0.471505,0.979735,0.46514500000000003,0.99502,0.47746500000000003,0.973565,0.44449,0.966845,0.43605,0.971085,0.442085,0.8984099999999999,0.404,0.94137,0.413065,0.9312849999999999,0.406305,0.942435,0.401555,0.909065,0.39432,0.89273,0.38068,0.884555,0.384525,0.871615,0.38049,1
0.7586200000000001,0.5,0.5,0.554955,0.0,0.5,0.5,0.5,0.5,0.0,0.38793,0.221445,0.083515,0.8847,0.815735,0.5,0.5,0.7672399999999999,0.6783399999999999,0.04848999999999998,0.72414,1.0,0.0,0.0,0.9078649999999999,0.5,0.5,0.5,0.5,0
0.514595,0.967105,0.498665,0.939735,0.568975,0.905605,0.491055,0.942795,0.7749550000000001,0.9585699999999999,0.21256999999999998,0.875,0.3524,0.93338,0.39948,1.0,1.0,0.73305,0.41855,0.95033,0.48611,0.96679,0.49421,0.80791,0.33851,0.922315,0.37146999999999997,0.966615,0.492875,1
0.0,0.5,0.5,0.5,0.5,1.0,1.0,1.0,1.0,0.0,0.0,1.0,0.0,0.0,1.0,0.5,0.5,1.0,0.0,1.0,0.0,1.0,1.0,0.0,0.0,0.5,0.5,0.5,0.5,0
1.0,0.95505,1.0,0.36515,1.0,0.08423999999999998,1.0,0.0,1.0,0.0,0.86263,0.0,0.211105,0.0,0.28974,0.0,0.0,0.23581000000000002,0.0,0.95007,0.0,1.0,0.0,1.0,0.0,1.0,0.32657,1.0,0.674225,1
1.0,1.0,0.816585,0.517575,0.0,0.0,0.0,1.0,1.0,0.943415,0.0,0.0,1.0,0.9192,1.0,1.0,0.0,0.0,0.0,0.40571999999999997,1.0,1.0,0.0,0.0,0.0,0.0,1.0,1.0,0.6680550000000001,0
0.471665,0.985825,0.45758,0.980485,0.467195,0.9735849999999999,0.506395,0.9771799999999999,0.416025,0.97306,0.402515,0.99815,0.33865999999999996,0.951715,0.32049,0.95714,0.36341999999999997,0.9507,0.35096499999999997,0.999495,0.296265,0.93622,0.32706999999999997,0.960295,0.346905,0.919755,0.304695,0.91083,0.29413500000000004,1
1.0,0.0,1.0,0.859375,0.735865,0.089285,0.18638500000000002,0.0,0.0,0.0,1.0,0.486235,0.79576,0.289435,0.289435,0.12685999999999997,0.0,0.0,0.265995,0.0,0.61905,1.0,0.0,0.0,0.30543,0.0,0.0,0.0,0.8072900000000001,0
0.47753,1.0,0.46659,1.0,0.456005,1.0,0.7808649999999999,1.0,0.43631,1.0,0.42739,1.0,0.662035,1.0,0.411805,0.99742,0.40525500000000003,0.978005,0.39959500000000003,1.0,0.03858,0.9364,0.391035,0.9146000000000001,0.38815,0.892395,0.386175,0.8699600000000001,0.385095,1
0.0,0.0,1.0,0.5,0.5,1.0,1.0,0.0,0.40625,1.0,1.0,0.0,0.0,1.0,0.0,0.0,0.0,1.0,1.0,1.0,0.0,1.0,1.0,1.0,1.0,0.5,0.5,0.0,0.0,0
0.53709,0.99976,0.566155,1.0,0.490445,0.9742299999999999,0.535165,0.978565,0.57322,0.97431,0.55612,0.95448,0.600595,0.983705,0.581325,0.998475,0.57129,0.95392,0.58205,0.9583349999999999,0.612155,0.942115,0.617855,0.94284,0.612555,0.8916200000000001,0.64788,0.91787,0.65583,1
1.0,0.5,0.5,0.5,0.5,0.0,1.0,0.5,0.5,0.19323,0.16146,0.902605,0.6807300000000001,0.759895,0.571875,0.5,0.5,0.0,0.364585,0.07604,0.98125,1.0,1.0,0.0,0.8385400000000001,0.5,0.5,0.5,0.5,0
0.560985,1.0,0.61287,0.99301,0.546185,0.97465,0.596055,0.96496,0.62144,0.946205,0.641715,0.927645,0.633605,0.91828,0.665645,0.916965,0.65849,0.874145,0.697985,0.880965,0.6732899999999999,0.84226,0.71373,0.81382,0.730155,0.783955,0.7351650000000001,0.7712600000000001,0.754515,1
0.5,0.5,0.5,0.5,0.5,0.5,0.5,0.5,0.5,0.56146,0.22499999999999998,0.614065,0.914065,1.0,0.28854,0.5,0.5,0.541665,0.0,0.446875,0.416665,1.0,0.11666500000000002,0.0,0.59427,0.5,0.5,1.0,0.36354,0
0.58167,0.97308,0.666735,0.9587950000000001,0.61305,0.95704,0.685535,0.92125,0.734495,0.9050549999999999,0.746125,0.8923650000000001,0.741555,0.825455,0.784885,0.7827649999999999,0.7903549999999999,0.77793,0.8236,0.741555,0.77618,0.716585,0.845645,0.67842,0.880735,0.669605,0.83422,0.610505,0.893425,1
0.0,1.0,1.0,0.9385950000000001,0.654605,0.16557,1.0,0.470395,0.79386,0.50877,0.52522,0.242325,0.0,0.57127,0.483555,0.663375,0.2807,0.0,1.0,0.904605,0.0,1.0,0.4693,1.0,1.0,0.60307,0.0,1.0,1.0,0
0.880655,0.9353,0.592965,1.0,0.45037499999999997,0.96922,0.73995,0.82726,0.4196,1.0,0.504395,0.988065,0.24936999999999998,0.9001250000000001,0.377515,0.9403250000000001,0.404525,1.0,0.43844,0.967965,0.55339,0.96445,0.46375500000000003,1.0,0.36306499999999997,0.71985,0.599245,0.75691,0.47299,1
0.69565,1.0,0.0,0.8346899999999999,0.54212,1.0,0.63519,1.0,0.80299,1.0,0.677535,1.0,0.51336,0.7921199999999999,0.284875,1.0,0.81748,0.94565,0.632925,0.955165,0.333335,1.0,0.57971,0.6884049999999999,0.490265,1.0,0.61232,1.0,0.687045,0
0.512385,1.0,0.53882,1.0,0.521585,0.9938100000000001,0.66633,1.0,0.527445,1.0,0.52192,0.97875,0.37701,0.921855,0.45666,1.0,0.52075,0.999665,0.63688,1.0,0.30472,0.98207,0.48913,0.933735,0.6168,0.97289,0.389895,0.901775,0.463355,1
0.0,1.0,0.0,1.0,0.0,1.0,1.0,1.0,1.0,1.0,0.0,1.0,1.0,1.0,1.0,1.0,1.0,1.0,0.0,1.0,0.0,1.0,0.0,1.0,0.828125,0.5,0.5,1.0,0.0,0
0.9101049999999999,0.715095,1.0,0.603095,0.902705,0.28064,1.0,0.104325,0.88546,0.0,0.70134,0.30477,0.20683,0.010465000000000002,0.28589,0.134585,0.118305,0.311645,0.012544999999999973,0.7068300000000001,0.0,0.70889,0.033519999999999994,0.628865,0.0,0.96785,0.32389,0.9940800000000001,0.51723,1
0.0,1.0,0.0,1.0,1.0,1.0,1.0,1.0,1.0,1.0,0.0,1.0,1.0,1.0,1.0,1.0,1.0,1.0,1.0,1.0,1.0,1.0,0.75,0.5,0.5,1.0,0.0,1.0,0.0,0
0.591405,1.0,0.63484,1.0,0.62534,1.0,0.64389,1.0,0.693215,1.0,0.65837,1.0,0.828505,1.0,0.7692300000000001,1.0,0.806335,1.0,0.797285,0.947965,0.84163,0.9475100000000001,0.85687,0.9280550000000001,0.835745,0.871945,0.9280550000000001,0.8574649999999999,0.879185,1
1.0,0.0,0.0,1.0,0.0,0.5,0.5,0.5,0.5,0.0,1.0,1.0,0.0,1.0,0.0,0.125,1.0,1.0,0.0,1.0,0.0,1.0,0.0,0.0,0.0,0.5,0.5,1.0,0.0,0
0.596395,0.98013,0.637255,0.99022,0.67526,0.9643349999999999,0.731405,0.931325,0.7625850000000001,0.9141,0.7939700000000001,0.8662099999999999,0.845325,0.8450150000000001,0.8657,0.772365,0.8441000000000001,0.741695,0.880985,0.703075,0.873445,0.667005,0.91898,0.6247199999999999,0.9303049999999999,0.56878,0.934175,0.54524,0.931425,1
0.5,0.33531500000000003,0.849205,0.5,0.5,0.5,0.5,0.5,0.5,0.603175,0.37897000000000003,0.60516,0.59722,0.732145,0.890875,0.5,0.5,0.5,0.5,0.867065,0.636905,0.88095,0.8174600000000001,0.5,0.5,0.5,0.5,0.5,0.5,0
0.554135,1.0,0.59749,1.0,0.642265,1.0,0.67413,1.0,0.6913050000000001,0.9728749999999999,0.714405,0.94563,0.7519549999999999,0.8795299999999999,0.7940050000000001,0.90322,0.79981,0.8978900000000001,0.81379,0.833215,0.8197099999999999,0.797085,0.847175,0.74769,0.8634200000000001,0.735135,0.858445,0.666905,0.876215,1
0.5,1.0,0.0,1.0,0.0,1.0,1.0,1.0,1.0,1.0,0.0,1.0,1.0,1.0,1.0,1.0,0.0,0.0,0.0,1.0,0.0,1.0,0.0,1.0,1.0,0.5,0.5,1.0,0.0,0
0.55991,1.0,0.580795,1.0,0.639605,0.9935149999999999,0.6544449999999999,0.9637249999999999,0.688195,0.9555899999999999,0.698745,0.9096949999999999,0.730295,0.893095,0.73497,0.897,0.7814099999999999,0.851655,0.790645,0.835385,0.7986150000000001,0.7945150000000001,0.80495,0.76976,0.8046599999999999,0.72656,0.81818,0.70221,0.8132900000000001,1
0.0,1.0,1.0,1.0,1.0,1.0,1.0,1.0,1.0,1.0,1.0,1.0,0.0,0.0,1.0,0.0,1.0,0.0,1.0,1.0,0.0,1.0,1.0,0.0,1.0,0.0,0.0,0.0,1.0,0
0.74295,1.0,0.864865,1.0,1.0,1.0,1.0,1.0,1.0,1.0,0.88564,1.0,1.0,1.0,1.0,0.87234,1.0,0.9482349999999999,1.0,0.82314,1.0,0.691275,1.0,0.554095,1.0,0.41315,1.0,0.09308499999999997,1.0,1
0.0,1.0,1.0,0.0,1.0,0.5,0.5,1.0,1.0,0.5,0.5,0.5,0.5,0.0,1.0,0.0,1.0,1.0,1.0,1.0,0.0,1.0,1.0,1.0,1.0,1.0,0.0,0.0,1.0,0
0.814685,1.0,0.547785,1.0,0.6014,1.0,0.0,1.0,0.297205,1.0,0.420745,1.0,0.524475,1.0,0.19230999999999998,1.0,0.367135,1.0,0.0,1.0,0.20978999999999998,1.0,0.09314,1.0,0.0,1.0,0.10722500000000001,1.0,0.25873999999999997,1
1.0,1.0,1.0,1.0,1.0,1.0,1.0,1.0,0.0,1.0,0.0,1.0,1.0,1.0,0.0,1.0,1.0,1.0,1.0,1.0,0.0,1.0,1.0,1.0,0.0,1.0,1.0,1.0,0.0,0
0.581255,0.94851,0.62309,0.920555,0.6759850000000001,0.8940049999999999,0.71098,0.85358,0.734915,0.85398,0.7823800000000001,0.802295,0.821,0.756235,0.82462,0.699515,0.834875,0.67116,0.841715,0.618465,0.88073,0.593825,0.869425,0.54847,0.85519,0.513675,0.8853599999999999,0.479885,0.847545,1
0.60954,0.733215,0.66431,0.6289750000000001,0.79152,1.0,0.42403,0.5053,0.722615,0.5053,0.694345,0.593405,0.70584,0.552835,0.681765,0.521625,0.653725,0.499585,0.62468,0.48569,0.597025,0.47843,0.572405,0.476105,0.551745,0.477075,0.53532,0.479935,0.52293,0
0.47411,0.903105,0.514055,0.929735,0.512575,0.81731,0.54364,0.85799,0.5392,0.8653850000000001,0.52589,0.8927499999999999,0.36094499999999996,0.82988,0.492605,0.89349,0.534765,0.673075,0.40680499999999997,0.826925,0.514055,0.805045,0.466815,0.7677499999999999,0.39422999999999997,0.79512,0.429735,0.7818050000000001,0.514795,1
0.52164,1.0,1.0,0.679105,0.576495,0.77239,0.5653,0.8078350000000001,0.08955000000000002,0.78918,0.83955,0.833955,0.44776,0.73321,0.44216500000000003,0.82787,0.57396,0.916045,0.72761,0.735075,0.58209,0.746545,0.57315,0.662315,0.48694,0.69559,0.567605,0.6720550000000001,0.563775,0
0.44717,0.88679,0.51887,0.83019,0.47736,0.82264,0.50566,0.83396,0.43019,0.860375,0.48868,0.884905,0.543395,0.809435,0.460375,0.879245,0.38112999999999997,0.86981,0.426415,0.9245300000000001,0.42453,0.8694299999999999,0.470995,0.83396,0.51132,0.932075,0.51887,0.8660399999999999,0.503775,1
0.51731,1.0,0.8636349999999999,0.83182,0.470455,0.74091,0.41591,0.909045,0.547795,0.78409,1.0,0.752275,0.60909,0.83409,0.55,1.0,0.35,0.99318,0.0,0.786365,0.663635,0.78491,0.573365,0.711365,0.54091,0.7446349999999999,0.573215,1.0,1.0,0
0.5,0.692155,0.564705,0.7,0.47059,0.782355,0.57059,0.733335,0.541175,0.762745,0.47255,0.790195,0.507845,0.75098,0.5,0.72941,0.533335,0.790195,0.541175,0.74902,0.50196,0.743005,0.550195,0.731375,0.541175,0.72549,0.617645,0.715685,0.586275,1
0.5625,0.61591,0.639775,0.48182,0.72159,0.522585,0.68097,0.404545,0.66818,0.43325,0.63661,0.513635,0.702275,0.326135,0.563635,0.39986,0.52539,0.40682,0.68182,0.429985,0.47599,0.450145,0.46443,0.0,0.0,0.48542,0.46268,0.49737,0.46843,0
0.6818649999999999,0.912015,0.5960300000000001,0.92543,0.529505,0.95279,0.47854,0.9259649999999999,0.625,0.8894850000000001,0.62661,0.8460300000000001,0.7897000000000001,0.8551500000000001,0.69528,0.86588,0.637875,1.0,0.674355,0.7838,0.760195,0.849055,0.766175,0.904505,0.7929200000000001,0.71513,0.854615,0.7618050000000001,0.7709250000000001,1
0.09723500000000002,0.455195,0.217825,0.90324,0.52288,0.94757,0.496185,0.40753,0.8198300000000001,0.399905,0.159675,0.928505,0.44328,0.889895,0.421355,0.465205,0.75405,0.32936,0.90467,0.89466,0.48141,0.85441,0.37356,0.88942,0.42945500000000003,0.39322999999999997,0.10915000000000002,0.40753,0.20066499999999998,0
0.52174,0.726085,0.6913050000000001,0.826085,0.591305,0.75,0.6347849999999999,0.78913,0.384785,0.752175,0.68913,0.69348,0.28695499999999996,0.680435,0.36956500000000003,0.6347849999999999,0.5586949999999999,0.76623,0.480775,0.65652,0.43913,0.74965,0.47868,0.7417400000000001,0.47776,0.82174,0.373915,0.752175,0.573915,1
0.8668750000000001,0.76006,0.43034,0.6594450000000001,0.465945,0.603715,0.42415,0.7368399999999999,0.54489,0.7817350000000001,0.4226,0.582045,0.726005,0.66873,0.51703,0.75232,0.535605,0.18111500000000003,0.19195,1.0,0.828175,0.70674,0.29942,0.42415,0.5557300000000001,0.511995,0.7791,0.7631600000000001,0.45511,0
0.58404,0.758915,0.497455,0.7631600000000001,0.604415,0.76231,0.41681,0.7368399999999999,0.47623,0.77759,0.519525,0.90832,0.387945,0.712225,0.47878,0.674875,0.533105,0.640915,0.395585,0.7586550000000001,0.48412,0.751845,0.483245,0.673175,0.549235,0.85399,0.49066,0.6977949999999999,0.48387,1
0.5,0.782705,0.53437,0.69734,1.0,0.6917949999999999,0.9977849999999999,0.487805,0.7660750000000001,0.618625,0.5643,0.486695,0.97561,0.24501,0.9246099999999999,0.449,0.694015,0.28714,0.618625,0.04213,0.9035500000000001,0.32927,0.9412400000000001,0.0,0.847005,0.0,0.5643,0.5,0.5,0
0.686895,0.86495,0.752575,0.7989200000000001,0.864985,0.721515,0.90576,0.6220600000000001,0.937465,0.53219,0.92519,0.43694500000000003,0.9369799999999999,0.356305,0.898085,0.266825,0.82962,0.214325,0.7690250000000001,0.15920499999999999,0.699755,0.14078000000000002,0.629175,0.13815499999999997,0.55609,0.142625,0.472375,0.161505,0.40048,1
0.731295,0.8588549999999999,0.79366,0.73984,0.9213899999999999,0.657045,0.9632149999999999,0.551445,0.969725,0.43373,0.92145,0.3399,0.9581200000000001,0.23927500000000002,0.897625,0.15863,0.74754,0.11296,0.667685,0.07312000000000002,0.589245,0.08343,0.49321,0.08817000000000003,0.403395,0.163555,0.33169000000000004,0.200285,0.2515,1
0.5,0.75407,0.10748999999999997,0.8029299999999999,0.6644950000000001,0.0,0.29316,0.5,0.5,0.5,0.5,1.0,0.36645,0.68241,0.18241000000000002,0.98534,0.0,0.0,0.0,1.0,0.201955,0.0,0.0,0.0,0.0,1.0,0.0,0.5,0.5,0
0.512715,0.892875,0.518965,0.83115,0.54974,0.839005,0.65576,0.87967,0.53674,0.873475,0.54221,0.853405,0.460735,0.818065,0.5,0.850105,0.556775,0.8409150000000001,0.560925,0.83508,0.577225,0.82079,0.56804,0.828535,0.587695,0.7987949999999999,0.573485,0.787275,0.57557,1
0.5,0.889705,0.003674999999999984,0.9044099999999999,0.7757350000000001,0.29044000000000003,0.025735000000000008,0.5,0.5,0.5,0.5,0.860295,0.11397000000000002,0.867645,0.19852999999999998,0.5,0.5,0.59191,0.0,0.0,0.0,0.0,0.0,1.0,0.0,1.0,0.0,0.5,0.5,0
0.48429,1.0,0.48282,1.0,0.474645,0.9951300000000001,0.46454,0.995865,0.45499,1.0,0.421365,1.0,0.428715,0.9915499999999999,0.440935,1.0,0.407405,1.0,0.40364,0.994855,0.389585,0.98245,0.398785,0.972995,0.414385,0.98218,0.387195,0.935055,0.38351999999999997,1
0.5,0.5,0.5,0.5,0.5,0.5,0.5,0.5,0.5,0.5,0.5,0.5,0.5,0.5,0.5,0.5,0.5,0.5,0.5,0.5,0.5,1.0,0.0,0.5,0.5,0.5,0.5,0.5,0.5,0
0.43655,0.981825,0.40879,0.9851300000000001,0.5423,0.9600150000000001,0.49438,0.9177150000000001,0.376405,1.0,0.343025,0.996365,0.39392,0.99339,0.39491,1.0,0.364175,0.96563,0.30271000000000003,1.0,0.403835,0.9439649999999999,0.342175,0.9071400000000001,0.38136000000000003,0.9454750000000001,0.340715,0.847655,0.29213500000000003,1
0.5,0.84091,0.0,0.65341,0.9791650000000001,0.82197,0.532195,0.67424,0.07576,0.5,0.5,0.795455,0.320075,0.72538,0.09659000000000001,0.5,0.5,0.5,0.5,0.62121,0.589015,1.0,0.38068,0.530305,0.257575,0.58144,0.14961999999999998,0.5,0.5,0
0.48154,0.99449,0.06474000000000002,0.950415,0.8347100000000001,1.0,0.44948,1.0,0.437535,1.0,0.424915,1.0,0.411595,1.0,0.397545,1.0,0.38273999999999997,1.0,0.367145,1.0,0.35074,1.0,0.33348,1.0,0.315345,1.0,0.2963,1.0,0.276305,1
0.5,0.5,0.5,0.5,0.5,0.810975,1.0,0.5,0.5,0.5,0.5,0.682925,0.140245,0.78049,0.0,0.5,0.5,0.5,0.5,0.5,0.5,1.0,0.55488,0.5,0.5,0.5,0.5,0.5,0.5,0
0.443435,0.9411849999999999,0.417845,0.995305,0.468715,0.9824200000000001,0.46252,0.926105,0.51483,0.935805,0.39576,0.9694050000000001,0.43511500000000003,0.99149,0.455325,0.94938,0.500375,0.93918,0.47059,0.9668399999999999,0.40064,0.9378949999999999,0.41097,0.9714700000000001,0.417095,0.901265,0.371295,0.88293,0.36102999999999996,1
0.5,0.5,0.5,0.77365,0.9121600000000001,0.655405,1.0,0.5,0.5,0.5,0.5,0.68581,0.0,0.66554,0.0,0.5,0.5,0.5,0.5,0.28715999999999997,0.0,1.0,0.0,0.7770250000000001,0.381755,0.5,0.5,0.5,0.5,0
0.133145,0.9475899999999999,0.012749999999999984,1.0,0.32091000000000003,1.0,0.383855,0.81445,0.06799,1.0,0.21232499999999999,1.0,0.10198499999999999,0.8838550000000001,0.05524000000000001,0.983005,0.0,0.8506,0.12552000000000002,0.8097300000000001,0.11548000000000003,0.768885,0.11007,0.9051,0.0,1.0,0.0,0.652225,0.11943999999999999,1
0.5,0.5,0.5,0.8863650000000001,1.0,1.0,0.35985,0.5,0.5,0.5,0.5,0.810605,0.386365,0.920455,0.0,1.0,0.0,0.5,0.5,0.5,0.5,1.0,0.030305000000000026,0.435605,0.03409000000000001,0.5,0.5,0.5,0.5,0
0.7057450000000001,0.836015,0.778925,0.772795,0.84981,0.6835249999999999,0.9076649999999999,0.598085,0.928355,0.479695,0.93142,0.413795,0.878925,0.3295,0.828735,0.25900500000000004,0.7804599999999999,0.19885000000000003,0.7049799999999999,0.20383,0.628735,0.18480999999999997,0.54409,0.213795,0.46092,0.22566999999999998,0.400385,0.28544,0.34023000000000003,1
0.5,1.0,0.0,0.95,1.0,0.715,0.8200000000000001,0.5,0.5,0.5,0.5,0.835,0.355,0.9199999999999999,0.0,0.5,0.5,0.5,0.5,0.605,0.8400000000000001,1.0,0.61,0.5,0.5,0.5,0.5,0.5,0.5,0
0.760065,0.8901,0.8607199999999999,0.7383,0.92111,0.6381950000000001,0.95865,0.547335,0.9412400000000001,0.3901,0.95702,0.32916,0.8775850000000001,0.24320000000000003,0.822635,0.177365,0.72307,0.12949,0.64581,0.14581,0.5179549999999999,0.141345,0.440285,0.17519,0.359085,0.243745,0.277475,0.31284,0.23340499999999997,1
1.0,0.30267,0.778675,0.527025,0.64865,0.407005,0.448795,0.48421000000000003,0.45515,0.507005,0.482985,0.50554,0.497315,0.50171,0.500485,0.50024,0.500375,0.499985,0.500095,0.499985,0.50001,0.499995,0.5,0.5,0.5,0.5,0.5,0.5,0.5,0
0.5357149999999999,0.59524,0.59524,0.61905,0.54762,0.70238,0.511905,0.65476,0.47619,0.65476,0.47619,0.642855,0.440475,0.6666650000000001,0.52381,0.65476,0.5,0.607145,0.440475,0.67857,0.47619,0.610545,0.48855,0.59524,0.5,0.584985,0.48983,0.57347,0.490615,1
0.52459,0.7868850000000001,0.491805,0.82787,0.508195,0.92623,0.483605,0.860655,0.5,0.84426,0.418035,0.59836,0.42623,0.82779,0.41412,0.8360650000000001,0.516395,1.0,0.35246,0.65574,0.32787,0.761925,0.39837500000000003,0.6639349999999999,0.483605,0.639345,0.27869,0.7459,0.467215,0
0.515655,0.931245,0.52286,0.9,0.5,0.8454550000000001,0.522725,0.8967149999999999,0.54218,0.88559,0.547895,0.813635,0.627275,0.84091,0.563635,0.85337,0.56304,0.84302,0.567465,0.872725,0.613635,0.822905,0.57544,0.836365,0.513635,0.8035749999999999,0.582325,0.7942,0.585385,1
0.55671,0.41686,0.11810999999999999,0.8333349999999999,0.50595,0.9107149999999999,0.70238,0.16385,0.653645,0.326015,0.18166,0.732145,0.57738,0.77381,0.52976,0.24085,0.724805,0.261745,0.26203,0.6607149999999999,0.85119,0.759855,0.69424,0.7857149999999999,0.69643,0.225545,0.350425,0.627205,0.22081499999999998,0
0.48753,1.0,0.465555,0.93889,0.50111,0.91778,0.46778,1.0,0.463565,1.0,0.4,0.934445,0.526665,0.94,0.48111,1.0,0.44237,1.0,0.406665,0.92222,0.51778,1.0,0.42919,0.91111,0.426665,1.0,0.42195499999999997,1.0,0.27888999999999997,1
0.427275,0.59091,0.16363499999999997,0.672725,0.48182,0.645455,0.472725,0.645455,0.645455,0.68182,0.29091,0.6,0.49091,0.68182,0.527275,0.563635,0.745455,0.80909,0.58182,0.663635,0.58182,0.70549,0.464865,0.672725,0.472725,0.563635,0.31818,0.645455,0.354545,0
0.8773599999999999,0.745285,0.4717,0.81132,0.5,1.0,0.49973,0.726415,0.537735,0.81132,0.4717,0.99439,0.499575,0.76415,0.5,0.76415,0.537735,0.97595,0.49944,1.0,0.896225,0.96096,0.49936,0.9717,0.0,1.0,0.71698,0.71698,0.443395,1
0.38095,0.6666650000000001,0.42857,0.72619,0.42857,0.16357500000000003,0.56404,0.6666650000000001,0.5,0.642855,0.464285,0.30893000000000004,0.755815,0.61905,0.511905,0.72619,0.52381,0.583335,0.36905,0.213725,0.44883,0.624445,0.24460500000000002,1.0,0.5,0.166665,0.47619,0.63095,0.511905,0
0.447915,0.6979150000000001,0.5,0.6666650000000001,0.46875,0.7395849999999999,0.5,0.6458349999999999,0.552085,0.7708349999999999,0.510415,0.71875,0.385415,0.6770849999999999,0.385415,0.6666650000000001,0.541665,0.625,0.59375,0.6979150000000001,0.40625,0.72006,0.44968,0.7083349999999999,0.458335,0.7916650000000001,0.34375,0.6666650000000001,0.46875,1
0.5,0.5,0.5,0.5,0.5,0.73872,0.05451,0.24247999999999997,0.727445,0.02255499999999999,0.642855,0.82331,1.0,0.5,0.5,0.5,0.5,0.8101499999999999,0.601505,0.0,0.0,1.0,0.0,1.0,1.0,0.5,0.5,0.5,0.5,0
0.56515,0.9549799999999999,0.59576,0.9244049999999999,0.25019,0.950115,0.8066,0.8896850000000001,0.67164,0.86127,0.68994,0.8307249999999999,0.7042200000000001,0.97736,0.79931,0.76629,0.72044,0.733865,0.7225550000000001,0.7021999999999999,0.720995,0.67187,0.716105,0.95165,1.0,0.617025,0.6980999999999999,0.59316,0.685955,1
0.902605,0.8800049999999999,0.853545,0.92005,0.44508000000000003,0.9865550000000001,0.539905,0.97912,0.07136500000000001,0.95981,0.9422200000000001,0.97726,0.47397,0.943365,0.5906750000000001,0.9924200000000001,0.15203,0.93335,0.07122499999999998,0.64302,0.349685,1.0,0.58538,0.81479,0.7133849999999999,0.938785,0.905035,0.909895,0.84411,0
0.49041,0.991565,0.512775,0.98487,0.45342,0.994775,0.48642,0.9899,0.48452,1.0,0.473285,1.0,0.474105,0.9692000000000001,0.507785,0.9881,0.45358,0.989445,0.47341,0.957835,0.421625,0.9783850000000001,0.465025,0.95489,0.506535,1.0,0.446015,0.96572,0.46556,1
0.92694,0.5,0.5,0.844345,0.0,0.98539,0.656925,0.36976,0.20394,0.34879499999999997,0.827825,0.9707749999999999,0.581955,0.5,0.5,0.5,0.5,0.409785,0.0,0.5,0.5,1.0,0.0,0.5,0.5,0.522235,0.8094049999999999,0.5,0.5,0
0.504215,0.99329,0.496185,0.98934,0.48578,0.9991,0.48245,1.0,0.493645,1.0,0.487095,1.0,0.494125,0.992425,0.500125,1.0,0.48694,1.0,0.47628,0.9800949999999999,0.477365,0.99594,0.482635,0.9851,0.48761,1.0,0.480725,0.9921,0.47944,1
0.38648499999999997,0.594595,0.472975,0.5,0.5,0.966215,0.536485,1.0,0.4,1.0,0.535135,1.0,0.443245,0.5,0.5,1.0,0.39459500000000003,1.0,0.29189,0.5,0.5,1.0,0.41215999999999997,0.5,0.5,1.0,0.37027,0.644595,0.42162,0
0.487805,0.763755,0.51733,0.59756,0.560975,0.716565,0.523775,0.609755,0.52439,0.64634,0.5,0.682925,0.5,0.658535,0.536585,0.634145,0.560975,0.61849,0.529065,0.609755,0.54878,0.5965199999999999,0.528205,0.58705,0.52752,0.59756,0.5,0.585365,0.536585,1
0.0,0.5,0.5,0.5,0.5,1.0,1.0,1.0,0.0,1.0,1.0,1.0,0.0,0.5,0.5,0.5,0.5,1.0,0.36111,0.5,0.5,1.0,0.0,1.0,1.0,1.0,0.0,0.5,0.5,0
0.62245,0.70408,0.60204,0.734695,0.72449,0.65306,0.79592,0.561225,0.7755099999999999,0.5,0.7551,0.46939,0.7755099999999999,0.39796,0.7755099999999999,0.357145,0.72449,0.357145,0.663265,0.19388,0.612245,0.26710500000000004,0.574475,0.20407999999999998,0.591835,0.32653,0.5,0.36734500000000003,0.37755,1
0.0,0.5,0.5,0.5,0.5,1.0,1.0,1.0,0.37329,1.0,0.61644,1.0,0.0,0.5,0.5,0.5,0.5,1.0,1.0,0.5,0.5,1.0,0.0,0.5,0.5,1.0,0.0,0.5,0.5,0
0.6875,0.871325,0.8382350000000001,0.72794,0.889705,0.59559,0.944855,0.48897,0.930145,0.39705999999999997,0.9117649999999999,0.3125,0.8382350000000001,0.25,0.73897,0.132355,0.691175,0.069855,0.54412,0.12867499999999998,0.4375,0.160375,0.379345,0.224265,0.286765,0.27941,0.24632500000000002,0.35662,0.21691,1
0.575165,0.121535,0.14508,0.34640499999999996,0.85621,0.0,1.0,0.091505,0.669935,0.10457499999999997,0.48693,0.009805000000000008,0.08496500000000001,0.199345,0.22876000000000002,0.477125,0.08496500000000001,0.9705900000000001,0.02940999999999999,0.0,0.284315,0.8719250000000001,0.54588,0.0,0.526145,0.591505,0.51307,0.298995,0.258795,0
0.5,0.6666650000000001,0.433335,0.683335,0.558335,0.783335,0.508335,0.8583350000000001,0.541665,0.85,0.466665,0.7666649999999999,0.6,0.7083349999999999,0.491665,0.658335,0.6,0.85,0.5,0.625,0.566665,0.73107,0.527195,0.7,0.516665,0.733335,0.516665,0.7083349999999999,0.475,1
0.560795,0.41111,0.47778,0.53096,0.465605,0.522305,0.512875,0.495575,0.51363,0.49207,0.49917,0.499535,0.495585,0.50235,0.499235,0.50069,0.50119,0.49943,0.50051,0.499655,0.49975,0.500095,0.499785,0.50013,0.500025,0.5,0.500075,0.49996,0.50001,0
0.64865,0.824325,0.37838,0.93243,0.594595,1.0,0.364865,0.7567550000000001,0.5,0.81081,0.472975,0.66216,0.39189,0.859165,0.41167,0.81081,0.527025,0.8783799999999999,0.56757,0.675675,0.35135,0.8051550000000001,0.389185,0.7923899999999999,0.384865,0.864865,0.20270500000000002,0.7567550000000001,0.37838,1
0.333985,0.0,0.492185,0.9863299999999999,0.50586,0.9667950000000001,0.490235,0.0,0.58203,0.0,0.498045,0.976565,0.48242,0.96094,0.48633,0.003904999999999992,0.558595,0.033204999999999985,0.67383,0.978515,0.498045,0.9102049999999999,0.56879,0.9511700000000001,0.466795,0.0,0.40625,0.0,0.328125,0
0.49364,0.96763,0.50607,0.983525,0.49133,0.98468,0.5026,0.978325,0.48468,0.9763,0.497975,0.9974000000000001,0.486705,0.998845,0.50896,0.96792,0.475145,0.969075,0.48815,0.98526,0.477745,0.9810749999999999,0.491765,0.9869950000000001,0.50954,0.97717,0.48295,0.97919,0.504045,1
0.0,0.75,0.444445,0.680555,0.38889,1.0,0.37144,0.583335,0.444445,1.0,0.3267,1.0,0.305735,1.0,0.28569,0.5,0.375,1.0,0.24833499999999997,1.0,0.36111,1.0,0.21454,1.0,0.36111,1.0,0.18422,1.0,0.170325,0
0.448275,0.60345,0.465515,0.537025,0.472845,0.518245,0.481555,0.508535,0.488085,0.503705,0.49259,0.501405,0.495535,0.50039,0.497385,0.499985,0.498505,0.49986,0.49917,0.499845,0.49955,0.499875,0.49976,0.49991,0.49988,0.49994,0.49994,0.49996,0.49997,1
0.5,0.80392,0.460785,0.813725,0.441175,0.843135,0.441175,0.8333349999999999,0.431375,0.82353,0.45098,0.77451,0.441175,0.77451,0.39215500000000003,0.7941199999999999,0.40196,0.8333349999999999,0.382355,0.72549,0.37255,0.762045,0.37666,0.784315,0.34313499999999997,0.715685,0.39215500000000003,0.735295,0.362745,0
0.633335,0.59518,0.61983,0.53883,0.599695,0.50535,0.57461,0.488165,0.55094,0.481575,0.531585,0.48117,0.51729,0.48385,0.50766,0.48763,0.501785,0.49137,0.498635,0.494515,0.497305,0.496895,0.49707,0.49853,0.4974,0.499555,0.49796,0.500125,0.498545,1
0.5,0.5,0.53125,0.8125,0.53125,0.59375,0.5,0.484375,0.546875,0.53125,0.5,0.578125,0.421875,0.71875,0.3125,0.5,0.453125,0.5,0.5,0.515625,0.265625,0.515625,0.5,0.140625,0.515625,0.484375,0.5,0.5,0.546875,0
0.486485,1.0,0.46757,0.9756750000000001,0.49189,0.994595,0.483785,0.994595,0.543245,1.0,0.46757,0.9756750000000001,0.545945,0.98919,0.497295,1.0,0.53243,1.0,0.52162,0.98919,0.545945,0.99278,0.506255,1.0,0.483785,1.0,0.5135149999999999,1.0,0.464865,1
0.540345,1.0,1.0,0.957365,0.496125,0.918605,0.51938,1.0,0.635765,1.0,1.0,0.906975,0.523255,0.95349,0.55814,1.0,0.75335,1.0,0.0,0.9031,0.51938,1.0,0.8580650000000001,0.92248,0.534885,1.0,0.936585,1.0,1.0,0
0.5401050000000001,1.0,0.50802,0.96524,0.502675,0.9679150000000001,0.49198,1.0,0.5,1.0,0.532085,1.0,0.524065,0.95722,0.52139,0.983955,0.510695,0.99465,0.49198,0.981285,0.52674,0.98487,0.52226,0.9385049999999999,0.50535,1.0,0.545455,0.989305,0.532085,1
0.55,0.64125,0.65875,0.66125,0.675,0.681425,0.326915,0.54625,0.6375,0.4525,0.605,0.45625,0.6174999999999999,0.329065,0.6570400000000001,0.26,0.46,0.64954,0.66588,0.21000000000000002,0.38,0.66095,0.35762499999999997,0.265,0.5925,0.36448,0.34386,0.702225,0.51525,0
0.533335,0.85,0.533335,0.85,0.5,0.816665,0.5,0.9,0.5,0.866665,0.5,0.85,0.55,0.8333349999999999,0.55,0.866665,0.483335,0.883335,0.5,0.816665,0.566665,0.8296600000000001,0.55084,0.8,0.566665,0.8,0.583335,0.816665,0.583335,1
0.50419,0.5,0.494415,0.502795,0.480445,0.50838,0.46229,0.497205,0.526535,0.532125,0.48324,0.5,0.547485,0.467875,0.53771,0.476255,0.51257,0.513965,0.497205,0.50419,0.502795,0.551675,0.49581,0.515365,0.498605,0.522345,0.5,0.523745,0.48324,0
0.83624,0.73782,0.912275,0.506335,0.9455450000000001,0.375645,0.922375,0.26178,0.780395,0.12059500000000001,0.708715,0.167725,0.53604,0.17287000000000002,0.402375,0.23762499999999998,0.28,0.34574499999999997,0.224555,0.479405,0.17603999999999997,0.580425,0.21789999999999998,0.68376,0.290495,0.730295,0.38732500000000003,0.75188,0.4701,1
0.52299,0.507185,0.52299,0.461205,0.50431,0.50862,0.466955,0.48132,0.52155,0.458335,0.47701,0.452585,0.54023,0.479885,0.52586,0.510055,0.511495,0.48132,0.494255,0.515805,0.49569,0.50431,0.50862,0.51293,0.505745,0.51293,0.505745,0.47701,0.497125,0
0.50542,0.9,0.500985,0.8950750000000001,0.50542,0.89212,0.495075,0.91675,0.516255,0.9256150000000001,0.508375,0.900495,0.49606,0.8955649999999999,0.48522,0.879805,0.51675,0.8738900000000001,0.527585,0.863055,0.49261,0.890205,0.50306,0.870445,0.474875,0.9147799999999999,0.51478,0.8950750000000001,0.50394,1
0.5,0.509985,0.490015,0.5107,0.475035,0.47575,0.49358,0.507135,0.48859,0.5,0.483595,0.47646,0.48573500000000003,0.49144,0.51783,0.5107,0.50214,0.52568,0.48859,0.52568,0.50927,0.51997,0.507845,0.509985,0.503565,0.48716,0.49073,0.492865,0.509985,0
0.66799,0.628305,0.738095,0.50926,0.747355,0.48942,0.7698400000000001,0.329365,0.656085,0.29364999999999997,0.6627000000000001,0.24206499999999997,0.53439,0.25,0.44179999999999997,0.425925,0.42725,0.425925,0.309525,0.3836,0.501325,0.51787,0.34130499999999997,0.579365,0.39153499999999997,0.62434,0.378305,0.6335999999999999,0.521165,1
0.479405,0.55263,0.45881,0.56293,0.46911,0.6167050000000001,0.49428,0.561785,0.5389,0.573225,0.432495,0.64531,0.475975,0.594965,0.536615,0.55835,0.5,0.556065,0.498855,0.575515,0.448515,0.542335,0.506865,0.556065,0.46682,0.548055,0.463385,0.55835,0.465675,0
0.82267,0.60786,0.88757,0.22029500000000002,0.824495,0.131625,0.71024,0.11974499999999999,0.5,0.18647000000000002,0.344605,0.308045,0.18921500000000002,0.436015,0.153565,0.749545,0.1819,0.857405,0.3117,0.869285,0.47258,0.8004899999999999,0.65192,0.7276050000000001,0.8025599999999999,0.51371,0.7723949999999999,0.39214,0.752285,1
0.49577,0.51058,0.50564,0.50564,0.52186,0.50141,0.500705,0.509875,0.484485,0.490125,0.530325,0.47955,0.5134,0.48801,0.497885,0.52186,0.487305,0.50917,0.5,0.5,0.493655,0.50917,0.49436,0.50282,0.492245,0.491535,0.48801,0.503525,0.5,0
0.47162,0.887605,0.47909,0.921585,0.545185,0.93129,0.559745,0.9402550000000001,0.46938,0.89171,0.51755,0.918595,0.46602,0.91785,0.42905,0.940625,0.505975,0.952575,0.5112,0.8984300000000001,0.49029,0.911915,0.48161,0.940625,0.467885,0.86968,0.49029,0.895445,0.45407,1
1.0,0.0,1.0,1.0,0.0,1.0,0.0,0.0,0.0,0.0,1.0,1.0,1.0,1.0,1.0,0.0,1.0,1.0,0.0,1.0,0.0,1.0,1.0,1.0,1.0,0.0,1.0,0.0,1.0,0
0.88216,0.54429,0.994515,0.286875,0.94372,0.11885499999999999,0.7499,0.034540000000000015,0.55384,0.07050000000000001,0.34478,0.16985,0.22369,0.4037,0.069685,0.64222,0.09752,0.823245,0.32384999999999997,0.88907,0.38338,0.85849,0.606715,0.68915,0.79155,0.5983350000000001,0.831575,0.443925,0.824665,1
0.75625,0.8125,0.0,1.0,1.0,0.5125,0.515625,1.0,1.0,0.5,0.5,1.0,0.0,1.0,1.0,1.0,1.0,0.65625,1.0,1.0,1.0,1.0,1.0,1.0,1.0,0.02812500000000001,1.0,0.5,0.5,0
1.0,0.509805,1.0,0.2549,0.960785,0.08823500000000001,0.7941199999999999,0.0,0.558825,0.019610000000000016,0.333335,0.17647000000000002,0.15686499999999998,0.382355,0.06862499999999999,0.67647,0.0,0.8725499999999999,0.13725500000000002,0.960785,0.39215500000000003,0.96437,0.60938,0.862745,0.784315,0.617645,0.9509799999999999,0.441175,0.9509799999999999,1
0.0,0.0,1.0,0.5,0.5,0.0,1.0,1.0,1.0,1.0,0.0,0.5,0.5,0.5,0.5,0.0,0.0,0.0,1.0,1.0,0.71875,1.0,0.0,0.5,0.5,0.0,0.0,0.0,1.0,0
0.9538150000000001,0.38889,1.0,0.333335,0.944445,0.0,0.6666650000000001,0.0,0.444445,0.0,0.38889,0.166665,0.11110999999999999,0.77778,0.0,0.38889,0.11110999999999999,0.88889,0.38889,0.6666650000000001,0.5,0.9606,0.725095,0.78727,0.921765,0.61111,1.0,0.22221999999999997,1.0,1
0.5,0.5,0.5,0.5,0.5,0.5,0.5,0.5,0.5,0.5,0.5,0.5,0.5,0.5,0.5,0.5,0.5,0.5,0.5,0.5,0.5,1.0,0.5,0.5,0.5,0.5,0.5,0.5,0.5,0
0.5,0.75,0.75,0.875,0.5,0.956005,0.56047,0.945335,0.5710500000000001,0.9346099999999999,0.58114,0.875,0.625,0.875,0.75,0.875,0.5,1.0,0.375,0.75,0.75,0.86972,0.63194,0.875,0.625,0.848175,0.64537,0.837465,0.651465,1
1.0,0.5,0.5,1.0,0.0,1.0,0.0,1.0,0.0,0.0,0.0,0.5,0.5,0.0,0.0,0.5,0.5,0.5,0.5,0.0,0.0,1.0,0.0,1.0,1.0,0.0,0.0,0.5,0.5,0
0.5,0.8333349999999999,0.555555,1.0,0.444445,0.944445,0.444445,1.0,0.38889,0.88889,0.5,0.88889,0.5,1.0,0.444445,0.88889,0.444445,0.8333349999999999,0.444445,0.8333349999999999,0.5,0.951735,0.47324,1.0,0.555555,0.944445,0.444445,1.0,0.5,1
0.5,0.5,0.5,0.5,0.5,0.5,0.5,0.0,0.0,0.5,0.5,1.0,0.875,0.5,0.5,0.5,0.5,0.0,1.0,0.5,0.5,1.0,0.0,0.0,0.0,1.0,1.0,0.5,0.5,0
0.272725,1.0,0.545455,1.0,0.454545,1.0,0.5,1.0,0.36363500000000004,1.0,0.40909,1.0,0.545455,1.0,0.5,1.0,0.31818,1.0,0.545455,1.0,0.454545,1.0,0.47543,1.0,0.727275,1.0,0.36363500000000004,1.0,0.40909,1
0.5,0.5,0.5,0.67235,0.64394,0.7140150000000001,0.69697,0.46212,0.75947,0.68182,0.657195,0.23106,0.664775,0.560605,0.426135,0.50947,0.23295500000000002,0.21211999999999998,0.589015,0.6458349999999999,0.36363500000000004,0.62879,0.21211999999999998,0.71591,0.62121,0.59091,0.488635,0.585225,0.291665,0
0.617645,1.0,0.7058800000000001,1.0,0.52941,1.0,0.617645,1.0,0.558825,1.0,0.735295,1.0,0.47059,1.0,0.441175,1.0,0.67647,1.0,0.7058800000000001,1.0,0.441175,1.0,0.601125,1.0,0.52941,1.0,0.67647,1.0,0.617645,1
0.18617,1.0,0.75532,0.539895,0.38298,0.0,0.31915,0.56383,0.204785,1.0,0.0,0.5,0.5,0.914895,0.460105,0.375,1.0,0.585105,0.146275,0.5,0.5,0.40425500000000003,0.265955,0.3883,0.25532,0.87234,0.9521299999999999,0.16223500000000002,0.7287250000000001,0
0.416665,0.8541650000000001,0.625,0.9375,0.458335,0.9583349999999999,0.520835,0.9166650000000001,0.5625,0.8541650000000001,0.5,0.9375,0.520835,1.0,0.541665,0.8333349999999999,0.458335,0.875,0.583335,0.9166650000000001,0.4375,0.91898,0.527515,1.0,0.604165,0.8541650000000001,0.5,0.8541650000000001,0.520835,1
0.5,0.5,0.5,0.5,0.5,0.5,0.5,0.55769,0.40464500000000003,0.5,0.5,0.5,0.5,0.5,0.5,0.5,0.5,0.47436,0.467145,0.539265,0.54487,0.5865400000000001,0.445515,0.5625,0.548075,0.51282,0.47596,0.584135,0.597755,0
0.44337,0.99623,0.35099,1.0,0.334625,0.98331,0.32859499999999997,0.92894,0.263675,0.9595199999999999,0.25915,0.8654200000000001,0.17387999999999998,0.8406549999999999,0.18228,0.91225,0.10842000000000002,0.794145,0.126075,0.8351649999999999,0.01851999999999998,0.743785,0.07165500000000002,0.689705,0.08053500000000002,0.6205849999999999,0.055769999999999986,0.646105,0.051895000000000024,1
1.0,0.0,0.08772000000000002,0.673245,0.6052649999999999,0.7302649999999999,0.53509,0.614035,0.52851,0.67544,0.673245,0.864035,0.480265,0.614035,0.76535,0.5,0.5,0.350875,0.41886,1.0,0.166665,1.0,0.0,1.0,0.377195,0.67544,0.600875,0.9144749999999999,0.539475,0
0.501845,0.90122,0.349335,0.949595,0.38256999999999997,0.8532150000000001,0.379615,0.869275,0.347305,0.85746,0.31961,0.73597,0.19405499999999998,0.702365,0.224705,0.805205,0.30335999999999996,0.76588,0.336595,0.61983,0.23929,0.64604,0.25805,0.563885,0.304285,0.5782849999999999,0.243355,0.591765,0.26698500000000003,1
0.0,0.5,0.5,0.5,0.5,1.0,0.0,1.0,1.0,0.5,0.5,1.0,0.0,0.5,0.5,0.5,0.5,1.0,1.0,0.0,1.0,1.0,0.0,0.0,1.0,0.0,0.0,0.5,0.5,0
0.41163,0.93512,0.38699,0.9085099999999999,0.36465000000000003,0.896355,0.35545499999999997,0.85151,0.251805,0.81669,0.25016499999999997,0.6862699999999999,0.146355,0.63535,0.139455,0.70253,0.22914,0.667545,0.20154499999999997,0.57375,0.18199500000000002,0.54656,0.20205499999999998,0.46419,0.22536,0.4908,0.22963,0.462715,0.26051,1
1.0,1.0,0.0,1.0,0.769095,0.5,0.5,0.61979,0.0,1.0,1.0,0.5,0.5,1.0,1.0,1.0,1.0,0.5,0.5,0.14236,1.0,0.6666650000000001,0.0,1.0,0.0,0.8489599999999999,0.0,0.737845,1.0,0
0.8808,0.54958,0.9673,0.31118,0.94093,0.138185,0.805905,0.030590000000000006,0.597045,0.06645499999999999,0.372365,0.18565500000000001,0.17193999999999998,0.374475,0.07173000000000002,0.581225,0.06751000000000001,0.757385,0.16560999999999998,0.874475,0.355485,0.8896850000000001,0.539665,0.820675,0.714135,0.6571750000000001,0.812235,0.49789,0.847045,1
0.5,1.0,0.0,0.0,0.0,1.0,1.0,1.0,0.0,0.5,0.5,1.0,0.0,1.0,1.0,0.5,0.5,1.0,0.0,0.0,0.0,1.0,1.0,0.0,1.0,0.0,1.0,0.5,0.5,0
1.0,0.885615,1.0,0.333335,1.0,0.0,1.0,0.5,1.0,0.0,1.0,0.0,0.5,0.0,0.166665,0.0,0.03732000000000002,0.0,0.333335,0.333335,0.0,0.596175,0.0,1.0,0.0,0.5,0.0,1.0,0.166665,1
0.0,0.5,0.5,0.0,1.0,1.0,0.0,0.0,0.0,0.0,1.0,0.5,0.5,0.0,0.0,0.0,1.0,0.5,0.5,1.0,0.0,1.0,1.0,1.0,0.0,1.0,1.0,0.5,0.5,0
0.571055,1.0,0.61054,1.0,0.4375,1.0,0.6974750000000001,1.0,0.744905,1.0,0.79493,0.3125,1.0,1.0,0.5,1.0,0.960005,1.0,1.0,1.0,1.0,1.0,1.0,1.0,0.625,1.0,1.0,1.0,1.0,1
0.5,0.5,0.5,0.5,0.5,0.5,0.5,0.5,0.5,1.0,0.0,0.5,0.5,0.0,0.0,0.5,0.5,1.0,1.0,1.0,0.0,1.0,0.0,0.5,0.5,0.5,0.5,0.5,0.5,0
0.4281,0.434355,0.39308,0.64898,0.522015,0.69048,0.368305,0.644655,0.340015,0.517295,0.405265,0.601345,0.35279499999999997,0.57598,0.35474,0.547565,0.342375,0.53278,0.366025,0.51502,0.37438,0.49977,0.38395,0.48694,0.394355,0.476415,0.40525,0.50668,0.363995,1
0.5,0.5,0.5,0.5,0.5,1.0,0.333335,0.583335,0.6302099999999999,0.5,0.5,0.5,0.5,0.5,0.5,0.40104,0.390625,0.416665,0.953125,0.0,0.75,0.520835,0.875,0.385415,0.0,0.4375,0.364585,0.40104,0.03125,0
0.550615,0.98071,0.57378,0.977565,0.36752,0.83013,0.773505,0.90213,0.6264149999999999,0.868905,0.6369,0.8338749999999999,0.64357,0.798075,0.64652,0.76247,0.646,0.7279100000000001,0.64238,0.695115,0.63613,0.66465,0.627765,0.636905,0.61784,0.612135,0.60689,0.59043,0.595415,1
0.0,0.0,0.0,1.0,0.65873,0.906745,0.88095,0.0,0.0,0.0,1.0,0.73682,1.0,1.0,1.0,0.844195,0.0,0.0,0.0,0.914685,0.68254,1.0,1.0,1.0,0.75397,0.0,0.3373,0.0,0.864155,0
0.71602,0.96157,0.29935500000000004,0.965615,0.58414,0.980985,0.545305,0.99838,0.54086,0.95793,0.525485,0.9231400000000001,0.37338,0.936895,0.42759,0.924355,0.630665,0.875405,0.481795,0.9227350000000001,0.487055,0.936465,0.48849,0.99272,0.546925,0.8915850000000001,0.44903,0.9292050000000001,0.426375,1
1.0,1.0,1.0,1.0,0.25,1.0,1.0,1.0,1.0,1.0,1.0,0.5,0.5,1.0,1.0,1.0,1.0,1.0,0.0,1.0,1.0,1.0,0.8125,1.0,0.125,0.125,1.0,1.0,1.0,0
0.10745500000000002,1.0,0.447995,1.0,0.57707,1.0,0.6391,0.9905999999999999,0.46569499999999997,1.0,0.53305,0.9790099999999999,0.40523,0.9179200000000001,0.421835,0.987,0.51864,0.99812,0.54621,1.0,0.493735,0.98119,0.477015,0.9558249999999999,0.519425,1.0,0.43139,0.982615,0.441415,1
0.0,0.461695,1.0,1.0,0.975205,0.872985,0.30645,0.0,0.103435,0.451615,1.0,0.74342,0.73251,0.658775,0.362695,0.428285,0.39905999999999997,0.44012,0.534475,0.515105,0.533195,0.517215,0.49407,0.497985,0.49164,0.496195,0.50054,0.500075,0.501625,0
0.41518,1.0,0.461735,0.990755,0.46301,0.851085,0.603315,0.998725,0.510525,0.99107,0.512435,1.0,0.43463,0.978315,0.538585,1.0,0.500955,0.95153,0.65402,1.0,0.427295,1.0,0.49803,0.87819,0.53954,1.0,0.40625,1.0,0.4713,1
0.5,0.5,0.5,0.5,0.5,0.5,0.5,1.0,1.0,1.0,1.0,1.0,0.0,0.5,0.5,1.0,1.0,1.0,0.0,1.0,1.0,1.0,0.5,1.0,1.0,1.0,0.0,0.5,0.5,0
0.37327,0.973115,0.32453,1.0,0.34717,0.96368,0.254715,0.95409,0.279405,0.8786149999999999,0.205505,0.84874,0.209905,0.798115,0.212105,0.842295,0.145125,0.7723249999999999,0.063365,0.74607,0.13333499999999998,0.67752,0.11973,0.63176,0.10880499999999999,0.58302,0.13427499999999998,0.56997,0.15000000000000002,1
0.5,0.5,0.5,0.07500000000000001,0.0,0.5,0.5,1.0,0.0,0.5,0.5,0.0,0.0,0.0,0.0,1.0,0.0,0.2,0.0,1.0,1.0,0.0,0.4,1.0,0.0,0.5,1.0,0.5,0.5,0
0.454545,0.8863650000000001,0.5,1.0,0.5,0.977275,0.5,1.0,0.522725,0.954545,0.477275,1.0,0.5,1.0,0.5,0.93182,0.545455,0.8863650000000001,0.545455,0.954545,0.522725,0.957705,0.514485,0.977275,0.545455,0.93182,0.454545,0.93182,0.522725,1
1.0,1.0,1.0,0.0,0.0,0.5,0.5,0.0,0.0,0.0,0.34375,0.0,0.0,1.0,0.0,1.0,0.0,0.5,0.5,1.0,0.0,0.0,0.0,0.5,0.5,1.0,0.0,0.5,0.5,0
0.588235,0.9117649999999999,0.54412,0.9558800000000001,0.485295,0.985295,0.411765,0.985295,0.57353,0.9705900000000001,0.514705,1.0,0.5,1.0,0.5,0.882355,0.558825,0.941175,0.514705,0.92647,0.514705,0.9633149999999999,0.513,0.9705900000000001,0.441175,0.985295,0.52941,0.9558800000000001,0.52941,1
0.57622,0.64177,1.0,0.0,1.0,0.0,0.0,1.0,1.0,0.0,0.38262,0.641505,0.0,1.0,1.0,0.34299,0.0,0.0,0.0,1.0,0.0,0.0,0.48211,1.0,0.0,0.0,0.338415,0.574695,1.0,0
0.50878,0.915775,0.513075,0.842105,0.473685,0.842105,0.5,0.8992800000000001,0.52514,0.891575,0.52878,0.921055,0.7368399999999999,1.0,0.526315,0.86275,0.538155,0.851505,0.540705,0.710525,0.6052649999999999,0.827095,0.54484,0.7631600000000001,0.394735,0.8007500000000001,0.54767,0.7870900000000001,0.5485949999999999,1
0.5,0.490385,1.0,0.5,0.5,0.5,0.5,0.5,0.5,0.5,0.5,0.5,0.5,0.65705,0.964745,0.32372,0.871795,0.326925,0.09615499999999999,0.5,0.5,0.19230999999999998,0.24358999999999997,0.5,0.5,0.5,0.5,0.5,0.5,0
0.772725,0.90909,0.81818,1.0,0.454545,1.0,0.5,0.90909,0.272725,0.81818,0.636365,1.0,0.18181999999999998,1.0,0.36363500000000004,0.954545,0.272725,1.0,0.53875,1.0,0.454545,1.0,0.544335,1.0,0.68182,1.0,0.81818,0.8636349999999999,0.636365,1
0.0,0.0,1.0,0.5,0.5,1.0,0.0,1.0,0.0,0.5,0.5,0.5,0.5,0.5,0.5,0.0,1.0,1.0,0.0,0.0,1.0,1.0,1.0,0.5,0.5,1.0,0.75,0.5,0.5,0
0.545455,0.636365,0.59091,0.81818,0.5,0.68182,0.454545,0.727275,0.454545,0.74306,0.493285,0.81818,0.40909,0.727275,0.5,0.68182,0.454545,0.636365,0.59091,0.68182,0.454545,0.67221,0.49116,0.636365,0.5,0.68182,0.5,0.644925,0.49084,1
0.5,0.0,0.82258,0.06451499999999999,1.0,0.5,0.5,0.5,0.5,0.5,0.5,0.5,0.5,0.5,0.5,0.0,0.0,0.5,0.5,0.649195,0.616935,1.0,0.758065,0.5,0.5,0.5,0.5,0.5,0.5,0
0.857145,1.0,0.857145,1.0,0.42857,0.92857,0.42857,1.0,0.51267,1.0,0.5,0.7142850000000001,0.42857,1.0,0.518085,1.0,0.357145,1.0,0.5,0.642855,0.357145,1.0,0.524455,1.0,0.52591,1.0,0.7857149999999999,1.0,0.5,1
0.0,1.0,1.0,1.0,1.0,1.0,1.0,1.0,0.0,1.0,1.0,1.0,0.0,1.0,0.0,1.0,1.0,1.0,1.0,1.0,0.0,1.0,1.0,1.0,1.0,1.0,1.0,1.0,1.0,0
0.910805,0.5519000000000001,0.976375,0.30983499999999997,0.9395800000000001,0.130305,0.79113,0.03950500000000001,0.583655,0.08791500000000002,0.37529,0.20308500000000002,0.18329,0.37994,0.08559499999999998,0.594115,0.10650500000000002,0.7577849999999999,0.21284999999999998,0.8463700000000001,0.375785,0.845485,0.55242,0.76399,0.6988099999999999,0.62987,0.7828649999999999,0.46630499999999997,0.78776,1
1.0,1.0,0.0,1.0,1.0,1.0,0.0,1.0,0.0,1.0,0.0,1.0,1.0,1.0,1.0,1.0,1.0,1.0,0.0,1.0,1.0,1.0,1.0,1.0,1.0,1.0,1.0,1.0,0.0,0
0.57883,0.93049,0.598955,0.9183749999999999,0.68263,0.903095,0.70099,0.881105,0.70276,0.83293,0.7418,0.800505,0.75876,0.76696,0.7609,0.742175,0.7710600000000001,0.71273,0.77842,0.6667,0.77637,0.63489,0.7710699999999999,0.6115349999999999,0.7672399999999999,0.57156,0.74562,0.557865,0.732855,1
0.0,1.0,0.0,1.0,1.0,0.5,0.5,1.0,0.0,0.5,0.5,0.5,0.5,0.5,0.5,0.0,1.0,1.0,1.0,0.5,0.5,1.0,1.0,0.5,0.5,0.0,0.0,0.5,0.5,0
0.626795,0.928525,0.693895,0.895195,0.735635,0.8617600000000001,0.7997099999999999,0.8263,0.875,0.75415,0.86793,0.708145,0.91371,0.627695,0.9297599999999999,0.56856,0.928075,0.50247,0.944345,0.463195,0.8989,0.395025,0.89002,0.334155,0.85727,0.30734,0.821815,0.262905,0.779175,1
1.0,0.0,1.0,1.0,1.0,1.0,1.0,0.0,0.0,0.0,0.0,1.0,1.0,1.0,0.0,0.0,0.0,0.0,0.0,1.0,0.5,1.0,0.0,1.0,0.0,0.0,1.0,0.0,1.0,0
0.621615,0.823075,0.59519,0.684615,0.727885,0.723965,0.732195,0.625,0.78654,0.62596,0.685575,0.576075,0.759385,0.45096,0.7875,0.48269,0.714425,0.45572,0.72212,0.425285,0.70003,0.4003,0.67488,0.38084,0.647705,0.36683,0.61948,0.38077,0.65577,1
1.0,1.0,0.0,1.0,1.0,1.0,0.0,1.0,1.0,1.0,0.0,1.0,0.0,1.0,1.0,1.0,1.0,1.0,0.0,1.0,0.0,1.0,0.0,1.0,1.0,1.0,0.0,1.0,1.0,0
0.60018,0.9439150000000001,0.66124,0.945045,0.663555,0.9277500000000001,0.726085,0.86149,0.76142,0.84973,0.7941,0.79274,0.834465,0.744345,0.85199,0.721225,0.840795,0.676445,0.87811,0.6341600000000001,0.88105,0.5840650000000001,0.8927050000000001,0.537485,0.9021950000000001,0.48519,0.88851,0.448555,0.87121,1
1.0,0.5,0.5,1.0,1.0,0.5,0.5,1.0,0.0,0.5,0.5,0.5,0.5,0.5,0.5,0.5,0.5,0.5,0.5,0.5,0.5,1.0,0.0,0.5,0.5,0.0,1.0,0.5,0.5,0
0.648785,0.8629100000000001,0.6839500000000001,0.85294,0.78415,0.787245,0.8135950000000001,0.71635,0.87338,0.658525,0.8384849999999999,0.59564,0.88409,0.52343,0.8808549999999999,0.43968,0.884845,0.407605,0.856635,0.353545,0.82854,0.30601,0.7927649999999999,0.266005,0.7506550000000001,0.23426999999999998,0.70366,0.218845,0.675475,1
1.0,1.0,1.0,0.5,0.5,0.5,0.5,0.0,0.0,0.5,0.5,0.0,0.0,0.5,0.5,0.5,0.5,1.0,1.0,0.5,0.5,1.0,1.0,0.5,0.5,0.0,1.0,0.5,0.5,0
0.847155,0.64574,0.93946,0.46637,0.9506749999999999,0.30201500000000003,0.9022049999999999,0.17713,0.78251,0.0852,0.63453,0.1053,0.458975,0.1861,0.34529,0.266815,0.22197499999999998,0.417755,0.17831000000000002,0.54781,0.19472499999999998,0.65203,0.25804,0.716135,0.35081,0.7351449999999999,0.452695,0.7107600000000001,0.5627800000000001,1
1.0,1.0,1.0,1.0,1.0,1.0,1.0,1.0,0.0,1.0,1.0,1.0,1.0,1.0,0.0,1.0,0.0,1.0,0.0,1.0,0.0,1.0,1.0,1.0,0.0,1.0,1.0,1.0,1.0,0
0.55139,0.89413,0.57633,0.7779,0.52626,1.0,0.606125,0.859735,0.6447700000000001,0.84399,0.664625,0.74836,0.586435,0.821665,0.485775,0.786995,0.7126399999999999,0.7656000000000001,0.72436,0.97265,0.7877449999999999,0.72087,0.741,0.562365,1.0,0.67535,0.748605,0.65294,0.749155,1
0.5,0.5,0.5,0.5,0.5,0.5,0.5,0.5,0.5,0.5,0.5,0.5,0.5,0.5,0.5,0.5,0.5,0.5,0.5,0.5,0.5,1.0,1.0,0.5,0.5,0.5,0.5,0.5,0.5,0
0.4987,0.99461,0.50186,0.979005,0.50799,0.97027,0.5176499999999999,0.986065,0.523595,0.993125,0.50929,0.9713849999999999,0.535675,0.992755,0.49647,0.98885,0.5249,0.9817899999999999,0.53549,0.96637,0.540505,0.976215,0.52178,0.987365,0.50409,0.989225,0.535305,1.0,0.4987,1
0.0,0.0,0.0,0.5,0.5,0.5,0.5,0.0,0.0,0.5,0.5,0.5,0.5,0.5,0.5,0.0,1.0,1.0,1.0,0.5,0.5,1.0,0.0,0.5,0.5,0.0,0.0,0.0,0.0,0
0.507565,0.855315,0.51129,0.840325,0.50641,0.673075,0.52797,0.8452500000000001,0.521965,0.8405050000000001,0.52529,0.835115,0.52846,0.817015,0.47669,0.822515,0.53428,0.815385,0.536905,0.920165,0.590325,0.799675,0.54152,0.69114,0.5338,0.78233,0.54523,0.7731600000000001,0.54673,1
0.11956499999999998,0.908865,0.52174,0.8804350000000001,0.55351,0.933945,0.86873,0.8503350000000001,0.591135,0.8795999999999999,0.56856,0.96739,0.37458,0.85368,0.593645,0.824415,0.62291,0.801005,0.8871249999999999,1.0,0.23076999999999998,0.94631,0.61108,0.85535,0.7692300000000001,1.0,0.46738999999999997,0.78261,0.619565,0
0.35185,1.0,0.071295,0.9,0.530555,0.72778,0.28611,1.0,0.437095,1.0,0.082405,0.7462949999999999,0.50926,0.91111,0.47037,0.9910749999999999,0.40031,1.0,0.610185,0.84815,0.367595,0.9607399999999999,0.377255,0.8944449999999999,0.510185,0.93746,0.364475,1.0,0.21481499999999998,1
0.536965,0.632295,0.620625,0.61673,0.56615,0.597275,0.62646,0.62257,0.684825,0.544745,0.614785,0.480545,0.684825,0.52529,0.624515,0.624515,0.54864,0.53891,0.649805,0.48753,0.64241,0.46988,0.6312800000000001,0.42607,0.57393,0.453305,0.65564,0.40467,0.6439699999999999,0
0.473215,0.8075399999999999,0.49405,0.7698400000000001,0.516865,0.80853,0.549605,0.795635,0.488095,0.81349,0.50595,0.8541650000000001,0.512895,0.801585,0.507935,0.739085,0.48611,0.795635,0.51885,0.75,0.51984,0.8064549999999999,0.493815,0.80853,0.43254,0.844245,0.493055,0.8125,0.484125,1
0.529555,0.54187,0.487685,0.49261,0.593595,0.53202,0.5,0.561575,0.45074000000000003,0.529555,0.5,0.50985,0.48522,0.43596,0.39655,0.534485,0.50739,0.534485,0.51478,0.53941,0.58128,0.640395,0.47537,0.470445,0.4532,0.522165,0.527095,0.536945,0.445815,0
0.465325,0.85179,0.50839,0.871365,0.50112,0.855145,0.57886,0.8579399999999999,0.49888,0.8987700000000001,0.533,0.918345,0.417225,0.8433999999999999,0.4547,0.81264,0.49329,0.80481,0.558725,0.856265,0.45246,0.849225,0.491635,0.8165549999999999,0.52405,0.8942950000000001,0.474275,0.826065,0.47651,1
0.5,0.3519,0.0,0.5,0.5,0.537975,0.46329,0.5,0.5,0.5,0.5,0.5,0.5,0.5,0.5,0.503795,0.8405050000000001,0.4,0.668355,0.4481,0.67848,0.52785,0.0,0.5,0.5,0.531645,0.0,0.5,0.5,0
0.487675,0.9705250000000001,0.49089,0.945875,0.436225,0.9110400000000001,0.44534,0.944265,0.505895,0.95391,0.431405,0.93569,0.469455,0.95391,0.48821,0.93998,0.427115,0.914255,0.437835,0.9506950000000001,0.402465,0.941225,0.425485,0.92176,0.43569,0.9421200000000001,0.40729,0.958735,0.415865,1
0.5,0.5,0.5,0.73229,0.7552099999999999,0.79479,0.510415,0.5,0.5,0.5,0.5,0.58229,0.272915,0.7958350000000001,0.408335,0.5,0.5,0.5,0.5,0.99375,0.29583499999999996,0.0,0.0,0.36041500000000004,0.12187500000000001,0.5,0.5,0.5,0.5,0
0.506525,0.96221,0.506795,0.9458949999999999,0.448885,0.950515,0.45786,0.9652000000000001,0.494835,0.96547,0.45541,0.930125,0.474715,0.947255,0.47988,0.94209,0.43937,0.944535,0.440455,0.9149,0.42930999999999997,0.932265,0.44096,0.9276800000000001,0.434745,0.91762,0.43774,0.9339299999999999,0.438825,1
0.564445,0.9422200000000001,0.49,0.5,0.5,1.0,0.28778000000000004,1.0,0.59778,1.0,0.473335,1.0,0.09222000000000002,0.5,0.5,1.0,0.48,1.0,0.406665,0.5,0.5,1.0,0.0,0.5,0.5,1.0,0.55889,0.953335,0.45222,0
0.499285,0.895,0.50357,0.8978550000000001,0.47857,0.937855,0.5,0.927855,0.46643,0.932145,0.50143,0.914285,0.472855,0.905,0.440715,0.884285,0.457855,0.92143,0.475,0.885,0.465715,0.9079900000000001,0.456655,0.912855,0.447855,0.907145,0.475,0.9107149999999999,0.424285,1
0.5,0.5,0.5,0.5,0.5,0.5,0.5,0.0,1.0,1.0,0.77586,0.5,0.5,0.5,0.5,0.5,0.5,0.5,0.5,0.5,0.5,1.0,1.0,0.5,0.5,0.5,0.5,0.5,0.5,0
0.45195,0.7532449999999999,0.47922,0.75065,0.54805,0.723375,0.52987,0.77922,0.44026,0.75844,0.48182,0.7636350000000001,0.47013,0.776625,0.494805,0.742855,0.483115,0.745455,0.494805,0.7961050000000001,0.5,0.7660750000000001,0.4836,0.715585,0.516885,0.772725,0.472725,0.794805,0.457145,1
0.5,0.5,0.5,0.5,0.5,0.5,0.5,0.5,0.5,0.5,0.5,0.5,0.5,0.5,0.5,0.5,0.5,0.5,0.5,0.5,0.5,1.0,0.0,0.5,0.5,0.5,0.5,0.5,0.5,0
0.625,0.625,1.0,0.584255,0.9559,0.43332,0.90227,0.329465,0.803965,0.28090000000000004,0.68928,0.28168499999999996,0.583545,0.31662,0.50339,0.367615,0.45487500000000003,0.41911,0.43518,0.46109,0.43628,0.489555,0.44879,0.505165,0.46482,0.51112,0.47929,0.511245,0.489915,1
0.5,1.0,1.0,0.0,0.0,0.5,0.5,1.0,0.444445,0.5,0.5,0.5,0.5,0.0,1.0,1.0,1.0,1.0,0.0,0.5,0.5,1.0,0.0,0.5,0.5,0.5,0.5,1.0,1.0,0
0.84606,0.6567350000000001,0.933125,0.480335,0.9537,0.28913500000000003,0.89673,0.14719500000000002,0.7578,0.09475499999999998,0.613675,0.09432000000000001,0.437305,0.16263,0.30949,0.30833,0.185695,0.434935,0.14619,0.57776,0.16789500000000002,0.69272,0.24216,0.762865,0.350515,0.781195,0.47031,0.7573,0.583225,1
0.5,0.5,0.5,0.0,1.0,0.5,0.5,1.0,0.686665,0.44,0.44,0.5,0.5,0.0,0.0,0.5,0.5,1.0,0.0,0.5,0.5,1.0,0.613335,0.5,0.5,0.5,0.5,0.5,0.5,0
0.8882749999999999,0.59836,0.972685,0.379485,0.96272,0.18736999999999998,0.856285,0.06778499999999998,0.66826,0.03808,0.47331,0.11321999999999999,0.27646499999999996,0.26525,0.133575,0.448815,0.08891500000000002,0.63192,0.11215000000000003,0.77992,0.22044999999999998,0.860735,0.37783500000000003,0.86239,0.547995,0.7906850000000001,0.6945749999999999,0.673745,0.78828,1
0.60639,0.574595,0.870015,0.37146999999999997,0.9616199999999999,0.44844,0.5969,0.19324000000000002,0.62893,0.02973500000000001,0.472955,0.434415,0.428355,0.348425,0.276925,0.442955,0.072015,0.51334,0.38607,0.63971,0.46852499999999997,0.668685,0.44062,0.638285,0.442955,0.57539,0.56648,0.560985,0.60234,1
0.892895,0.56163,0.94701,0.333895,0.91789,0.14956999999999998,0.79782,0.06689,0.609545,0.07779000000000003,0.37918,0.20143,0.19052999999999998,0.40323,0.06106499999999998,0.562195,0.054680000000000006,0.755545,0.13773000000000002,0.895715,0.36133000000000004,0.9150400000000001,0.54359,0.8329599999999999,0.745395,0.68771,0.850055,0.480085,0.89722,1
0.502405,0.802045,0.462695,0.815885,0.504815,0.8122750000000001,0.462695,0.83514,0.5361,0.8146800000000001,0.45788,0.837545,0.54573,0.8357399999999999,0.5,0.794825,0.55054,0.7503,0.515645,0.829725,0.570395,0.802315,0.510095,0.75692,0.52226,0.808665,0.495185,0.80686,0.45427,1
0.516545,0.8612150000000001,0.58456,0.8961399999999999,0.538605,0.90717,0.71967,0.818935,0.502755,0.8538600000000001,0.608455,1.0,0.53033,0.805145,0.525735,0.837315,0.52114,0.7601100000000001,0.375,0.8648899999999999,0.42095499999999997,0.808635,0.53562,0.6544099999999999,0.5432,0.7795799999999999,0.53729,0.80147,0.608455,1
0.5089,0.8874299999999999,0.513235,0.825385,0.44845999999999997,0.88769,0.54,0.8698049999999999,0.5253,0.86161,0.52888,0.843075,0.455385,0.80846,0.58154,0.8311649999999999,0.537865,0.8193900000000001,0.540205,0.80077,0.463845,0.794015,0.543835,0.775385,0.62846,0.766945,0.546035,0.753045,0.54661,1
0.50101,0.921705,0.501505,0.9215,0.549505,0.879065,0.52051,0.9094599999999999,0.502925,0.90369,0.503365,0.9031100000000001,0.437765,0.889675,0.48231999999999997,0.8818250000000001,0.504545,0.873175,0.50489,0.8981600000000001,0.478785,0.85412,0.50548,0.811175,0.55799,0.8331200000000001,0.50595,0.8220350000000001,0.506135,1
0.552175,0.74565,0.53261,0.734785,0.480435,0.67826,0.436955,0.72826,0.523915,0.752175,0.513045,0.67826,0.597825,0.71087,0.573915,0.71087,0.486955,0.6608700000000001,0.44348,0.736955,0.49565,0.7089449999999999,0.53454,0.69348,0.519565,0.676085,0.573915,0.723915,0.586955,1
0.60328,0.85814,0.64034,0.8466,0.70626,0.829585,0.75061,0.78949,0.8040700000000001,0.74605,0.792225,0.66677,0.839305,0.647935,0.81774,0.547995,0.8405199999999999,0.51033,0.8611800000000001,0.45626,0.815915,0.440375,0.80348,0.40887,0.7800750000000001,0.37242,0.758505,0.363305,0.7123349999999999,1
0.625505,0.99195,0.66522,0.901825,0.7651,0.874885,0.801485,0.7846850000000001,0.85971,0.776555,0.870395,0.64726,0.910965,0.605685,0.8988849999999999,0.548545,0.91081,0.49133,0.89935,0.42428,0.87798,0.385805,0.845935,0.341435,0.80474,0.298545,0.77261,0.285925,0.72267,1
0.657715,0.8944799999999999,0.71694,0.81694,0.799875,0.770015,0.8550800000000001,0.698495,0.8808050000000001,0.6213299999999999,0.897615,0.54567,0.8979900000000001,0.45420499999999997,0.881305,0.398995,0.83463,0.348685,0.81305,0.29724,0.752445,0.26892499999999997,0.703765,0.24842999999999998,0.63626,0.235885,0.5958600000000001,0.25595999999999997,0.52986,1
0.6657150000000001,0.9254800000000001,0.7498,0.86839,0.81921,0.796075,0.86919,0.74349,0.9180699999999999,0.6522950000000001,0.953325,0.589795,0.9671449999999999,0.496495,0.965545,0.4056,0.946915,0.334885,0.91246,0.26733,0.88241,0.207185,0.8316749999999999,0.16035500000000003,0.76282,0.12339499999999998,0.71244,0.09394999999999998,0.63046,1
0.6777150000000001,0.864365,0.728735,0.802125,0.849325,0.75188,0.87461,0.6805,0.908975,0.57832,0.91779,0.50198,0.92605,0.41805000000000003,0.889265,0.32001999999999997,0.880965,0.284565,0.826925,0.2343,0.7694300000000001,0.19835999999999998,0.70486,0.17744500000000002,0.63669,0.17145,0.568335,0.17972,0.52697,1
0.6905600000000001,0.7420450000000001,0.7625,0.575,0.611365,0.568765,0.797825,0.461365,0.7227250000000001,0.5,0.74318,0.362545,0.71007,0.21932000000000001,0.68409,0.317045,0.59432,0.297335,0.53794,0.307585,0.483855,0.33029,0.43757,0.3623,0.40143,0.40019,0.37676,0.44053,0.36391,1
0.77649,0.9056299999999999,0.536425,0.783115,0.581125,0.663905,0.62086,0.751655,0.56126,0.819535,0.59934,0.85927,0.713575,0.771525,0.569535,0.82616,0.6390750000000001,0.8443700000000001,0.536425,0.75936,0.633265,0.745065,0.638435,0.73108,0.64287,0.71742,0.64662,0.704105,0.64971,1
0.43928,0.9079699999999999,0.548385,0.855785,0.505695,0.780835,0.4611,0.84535,0.56262,0.7931699999999999,0.519925,0.765655,0.48292,0.8472500000000001,0.58444,0.86338,0.536055,0.66034,0.52941,0.766605,0.686905,0.74545,0.589755,0.5759,0.6622399999999999,0.720705,0.594485,0.780835,0.5759,1
0.488505,0.885155,0.483505,0.8336250000000001,0.4669,0.79791,0.46167,0.8363,0.471145,0.8212999999999999,0.46781,0.695995,0.52265,0.85627,0.50697,0.7798499999999999,0.459805,0.76715,0.457735,0.73519,0.38589,0.743295,0.45436,0.763065,0.457315,0.7213849999999999,0.451895,0.7111149999999999,0.45096,1
0.49759,0.9834149999999999,0.49639,0.9399,0.480385,1.0,0.507095,0.9809300000000001,0.49282,0.979735,0.491645,0.9924850000000001,0.50501,0.9557599999999999,0.45576,0.97508,0.48818,0.9731799999999999,0.487045,0.99082,0.510015,0.96886,0.48483,1.0,0.470785,0.96387,0.48268,0.96113,0.481635,1
0.438145,0.850515,0.304125,0.86598,0.53608,0.631445,0.391755,0.747425,0.579895,0.726805,0.44072,0.71134,0.53093,0.75,0.3634,0.7731950000000001,0.592785,0.71134,0.541235,0.8530949999999999,0.59794,0.76698,0.437765,0.57732,0.36855499999999997,0.737115,0.52062,0.726805,0.24226999999999999,1
0.51484,0.80716,0.68014,0.82679,0.49769,0.821015,0.54157,0.89723,0.28291,0.8625849999999999,0.774825,0.79792,0.569285,0.81755,0.6097,0.816395,0.37298,0.8547549999999999,0.576795,0.823325,0.615475,0.8438749999999999,0.58852,0.808315,0.538105,0.83158,0.599205,0.8452649999999999,0.683605,1
0.50674,0.79438,0.507865,0.79438,0.51236,0.83371,0.497755,0.858425,0.476405,0.832585,0.504495,0.7865150000000001,0.51236,0.8235950000000001,0.46292,0.78427,0.570785,0.78764,0.48202,0.732585,0.52472,0.78294,0.50412,0.7382,0.48202,0.773035,0.55281,0.8033699999999999,0.45955,1
0.478965,0.815535,0.47411,0.8899699999999999,0.540455,0.83657,0.548545,0.823625,0.57929,0.80097,0.49029,0.771845,0.477345,0.73463,0.44984,0.823625,0.574435,0.6957949999999999,0.608415,0.762135,0.47249,0.725525,0.5002,0.65696,0.46602,0.745955,0.4466,0.6521049999999999,0.47411,1
0.517285,0.825925,0.54074,0.80494,0.49753000000000003,0.89506,0.55926,0.798765,0.52469,0.812345,0.54815,0.8913599999999999,0.412345,0.869135,0.44568,0.74321,0.5049399999999999,0.80494,0.54074,0.8333349999999999,0.4358,0.818865,0.487745,0.882715,0.51111,0.806175,0.4642,0.7567900000000001,0.476545,1
0.52034,0.764405,0.477965,0.75254,0.518645,0.8525400000000001,0.461015,0.78983,0.48983,0.7661,0.538985,0.8203400000000001,0.55932,0.784745,0.488135,0.7661,0.50339,0.8576250000000001,0.48305,0.764405,0.48305,0.7863100000000001,0.50375,0.79322,0.498305,0.794915,0.48644,0.750845,0.5339,1
0.529125,0.674755,0.5,0.78641,0.487865,0.7912600000000001,0.512135,0.667475,0.52427,0.762135,0.502425,0.7354350000000001,0.4466,0.71602,0.502425,0.674755,0.529125,0.59466,0.62864,0.65534,0.424755,0.682735,0.519075,0.6966,0.58738,0.63107,0.5,0.686895,0.49029,1
0.6705,0.91952,0.67611,0.8735299999999999,0.74453,0.86792,0.759395,0.77538,0.800895,0.71565,0.8311850000000001,0.659,0.852215,0.641895,0.844365,0.537575,0.8684799999999999,0.53169,0.85642,0.417555,0.84857,0.41722,0.80255,0.41895499999999997,0.7790250000000001,0.326415,0.720975,0.332585,0.687325,1
0.676185,0.910195,0.7428049999999999,0.8588,0.8244400000000001,0.794135,0.868715,0.7017450000000001,0.91578,0.6257,0.9240200000000001,0.5235,0.9273750000000001,0.439035,0.898745,0.3691,0.90377,0.310825,0.8583799999999999,0.24483,0.79162,0.212065,0.7302,0.19050499999999998,0.65398,0.17123,0.5917250000000001,0.17933,0.51484,1
0.73515,0.88451,0.812075,0.76656,0.8906000000000001,0.68387,0.9414549999999999,0.550535,0.91656,0.465865,0.9463699999999999,0.358655,0.860365,0.28146499999999997,0.80844,0.221155,0.7406,0.175,0.67767,0.17670999999999998,0.5795399999999999,0.16674499999999998,0.511385,0.17564000000000002,0.43269,0.226925,0.385255,0.263995,0.32484,1
0.7040150000000001,0.90257,0.782845,0.783435,0.85415,0.70918,0.91615,0.574695,0.947445,0.525835,0.96841,0.37629,0.9196949999999999,0.285945,0.8777699999999999,0.248745,0.8128150000000001,0.172425,0.75214,0.15574500000000002,0.65456,0.11451499999999998,0.578095,0.12297000000000002,0.478005,0.12400499999999998,0.410395,0.16534,0.32816500000000004,1
0.764105,0.790835,0.865755,0.674805,0.902555,0.553985,0.9520150000000001,0.399925,0.9466749999999999,0.30135,0.9108149999999999,0.20582499999999998,0.814335,0.118475,0.70184,0.09369,0.59444,0.09341500000000003,0.47858,0.123635,0.365585,0.183815,0.26781,0.26788999999999996,0.19277,0.368055,0.14582499999999998,0.455315,0.143635,1
0.811165,0.71949,0.971765,0.481785,0.90255,0.38581,0.8766700000000001,0.374315,0.74408,0.213115,0.642075,0.16625,0.552955,0.263205,0.469035,0.09472000000000003,0.469945,0.334015,0.26204,0.435515,0.2319,0.53579,0.240375,0.621605,0.28261000000000003,0.68293,0.349715,0.714025,0.566485,1
0.586465,0.518795,0.67168,0.56015,0.63158,0.53133,0.606515,0.476375,0.563835,0.468335,0.539535,0.46836,0.520485,0.472845,0.50704,0.47917,0.4986,0.48562,0.49412,0.491225,0.492475,0.49557,0.492625,0.4986,0.49375,0.50048,0.49526,0.50145,0.496765,1
0.67669,0.87688,0.49718,0.912595,0.596805,0.7509399999999999,0.36184,0.829885,0.531955,0.848685,0.57331,0.8618399999999999,0.286655,0.88064,0.522555,0.834585,0.602445,0.92387,0.295115,0.8242499999999999,0.476505,0.78418,0.447145,0.7641,0.43327,0.57801,0.43891,0.723835,0.448455,1
0.530295,0.829145,0.541575,0.61944,0.564805,0.719185,0.60165,0.74709,0.56343,0.723735,0.567535,0.64676,0.51461,0.7407900000000001,0.57878,0.664175,0.57308,0.647475,0.57319,0.63218,0.57265,0.618205,0.57157,0.632145,0.580685,0.593835,0.56816,0.583275,0.56599,1
0.50519,0.92562,0.50773,0.88483,0.49861,0.922295,0.55458,0.916445,0.515135,0.9134,0.51753,0.87419,0.509715,0.900095,0.512025,0.90431,0.524505,0.901295,0.52676,0.88668,0.5111,0.8952899999999999,0.531175,0.9296949999999999,0.546255,0.8893150000000001,0.53545,0.8863449999999999,0.53754,1
0.591485,0.995045,0.64646,0.947275,0.45831500000000003,0.94299,0.48986,0.95223,0.36638000000000004,0.94705,0.59982,0.94322,0.47679,0.9222600000000001,0.495045,0.98941,0.32988,0.8947700000000001,0.374495,0.933305,0.454035,0.929835,0.48546,0.8938699999999999,0.479495,0.879675,0.60906,0.94119,0.545965,1
0.54896,0.879275,0.564385,0.8715649999999999,0.45406,0.97921,0.51241,0.9896050000000001,0.497655,0.98055,0.550975,0.95741,0.51878,0.85513,0.513415,0.9061049999999999,0.45976,1.0,0.5,0.8588199999999999,0.493965,0.911355,0.51276,0.862175,0.494635,0.952045,0.55533,0.864185,0.51375,1
0.408285,0.81158,0.50503,0.7278100000000001,0.47781,0.782545,0.508875,0.723375,0.637575,0.85799,0.48077,0.778105,0.56213,0.7071000000000001,0.55769,0.763835,0.5142100000000001,0.755915,0.446745,0.739645,0.488165,0.7325699999999999,0.516295,0.7677499999999999,0.62574,0.6597649999999999,0.427515,0.673075,0.49852,1
0.43032,0.92561,0.43032,0.904895,0.51224,0.752355,0.514125,0.8371,0.4774,0.9039550000000001,0.43126,0.7570600000000001,0.37759,0.9077200000000001,0.428435,0.851225,0.498115,0.6666650000000001,0.531075,0.780605,0.334275,0.80722,0.415815,0.763655,0.48964,0.769305,0.34369,0.8371,0.38983,1
0.457535,0.9097649999999999,0.5,0.868365,0.461785,0.859875,0.43206,0.874735,0.441615,0.887475,0.40658,0.89066,0.393845,0.8099799999999999,0.449045,0.895965,0.421445,0.94692,0.48301499999999997,0.9246300000000001,0.369425,0.870575,0.38344,0.83121,0.388535,0.863055,0.31104,0.8290850000000001,0.375795,1
0.536685,0.923915,0.52038,0.8858699999999999,0.48913,0.8858699999999999,0.471465,0.9116850000000001,0.44701,0.839675,0.497285,0.940215,0.39538,0.9171199999999999,0.516305,0.9320649999999999,0.47011000000000003,0.986415,0.360055,0.92527,0.40625,0.918525,0.448945,0.92935,0.483695,0.892665,0.44565,0.8953800000000001,0.497285,1
0.58498,0.8636349999999999,0.54743,0.847825,0.444665,0.83399,0.38241,0.9397249999999999,0.40415,0.868575,0.52075,0.815215,0.498025,0.81818,0.44071,0.896245,0.37351999999999996,0.832015,0.35672000000000004,0.83597,0.44763,0.8092349999999999,0.439795,0.800395,0.395255,0.687745,0.534585,0.805335,0.493085,1
0.503325,0.7771600000000001,0.53437,0.73947,0.430155,0.764965,0.50665,0.8192900000000001,0.41907,0.839245,0.48337,0.772725,0.432375,0.764965,0.47672,0.73947,0.40244,0.75388,0.432375,0.707315,0.399115,0.76965,0.442725,0.799335,0.48559,0.768295,0.44124,0.781595,0.477825,1
0.714405,0.807795,0.81831,0.694125,0.95251,0.549155,0.98064,0.399515,0.946,0.321315,0.8875,0.17442999999999997,0.81105,0.10615999999999998,0.727675,0.09072000000000002,0.595475,0.080285,0.459605,0.10832999999999998,0.36822,0.162215,0.272445,0.22633999999999999,0.19571,0.34743999999999997,0.16649999999999998,0.40344,0.12201499999999998,1
0.77878,0.79976,0.85798,0.631015,0.963255,0.52318,0.9837400000000001,0.383815,0.97565,0.22037,0.90509,0.133355,0.811925,0.04502499999999998,0.681,0.03872999999999999,0.5302,0.031909999999999994,0.40081,0.08404,0.26547,0.17417500000000002,0.15222000000000002,0.293885,0.07137500000000002,0.43205,0.030235000000000012,0.550035,0.02588499999999999,1
0.78908,0.670545,0.792635,0.528585,1.0,0.45381,0.96059,0.187985,0.85998,0.151165,0.66279,0.09288999999999997,0.705975,0.0,0.496125,0.10513499999999998,0.29457500000000003,0.11549500000000001,0.27261,0.21378999999999998,0.16197499999999998,0.34195,0.09061999999999998,0.485105,0.06579499999999999,0.62696,0.08936500000000003,0.50097,0.09156999999999998,1
0.73851,0.74617,0.841905,0.609955,0.933805,0.45952,0.925055,0.32221,0.888405,0.236325,0.792125,0.14825,0.656455,0.12089499999999997,0.519695,0.14387499999999998,0.423415,0.20842500000000003,0.30416,0.314005,0.23523,0.41525,0.195685,0.542125,0.19256,0.62582,0.25766,0.702955,0.323305,1
0.8117449999999999,0.746525,0.92133,0.6079600000000001,0.975965,0.43022,0.980835,0.26399,0.91795,0.14626499999999998,0.82745,0.06263000000000002,0.68375,0.04093000000000002,0.527975,0.05087999999999998,0.369135,0.13015500000000002,0.229655,0.24621500000000002,0.12632500000000002,0.388385,0.06939000000000001,0.53905,0.06420500000000001,0.680105,0.10971500000000001,0.7970349999999999,0.19865,1
0.7883549999999999,0.67481,0.8533850000000001,0.586465,0.8947350000000001,0.40512,0.89943,0.29135500000000003,0.832705,0.157895,0.73872,0.12637500000000002,0.59746,0.1391,0.475565,0.18985000000000002,0.35902500000000004,0.25417500000000004,0.23268499999999998,0.36711499999999997,0.16993000000000003,0.49235,0.15147,0.61354,0.17786000000000002,0.7155,0.24397000000000002,0.82331,0.34962499999999996,1
0.47948,1.0,0.461825,0.9936,0.50728,0.97639,0.48698,0.9924999999999999,0.46271,0.99691,0.464255,0.98698,0.45234,0.98632,0.43888,0.99647,0.47374,0.97639,0.45543,0.9867600000000001,0.458295,0.9832650000000001,0.43544,0.967345,0.42542,0.98566,0.421225,0.9838899999999999,0.406,1
0.505005,0.97497,0.49264,0.97939,0.4947,0.973205,0.48145,0.985865,0.491165,0.985275,0.480565,0.977325,0.47968,0.9761500000000001,0.476445,0.9711449999999999,0.489105,0.964075,0.477915,0.960245,0.47762,0.9634750000000001,0.470865,0.9517100000000001,0.462605,0.959955,0.46377999999999997,0.960245,0.4629,1
0.49886,0.9828749999999999,0.414385,0.99315,0.591325,0.958905,0.50114,0.968035,0.457765,0.95662,0.49886,0.93379,0.45662,0.98516,0.393835,1.0,0.55137,0.960045,0.47374499999999997,0.96233,0.534245,0.970215,0.45374,0.98516,0.399545,0.92694,0.45662,0.9828749999999999,0.39041,1
0.542375,0.76271,0.415255,0.65254,0.491525,0.754235,0.432205,0.8220350000000001,0.64407,0.9152549999999999,0.32203499999999996,0.771185,0.508475,0.77966,0.51695,0.79661,0.65254,0.932205,0.525425,0.70339,0.5762700000000001,0.836435,0.49867,0.8305100000000001,0.48305,0.9152549999999999,0.42373,0.881355,0.44915499999999997,1
0.61111,0.694445,0.583335,0.7083349999999999,0.569445,0.75,0.444445,0.774555,0.457785,0.7916650000000001,0.6666650000000001,0.77778,0.51389,0.625,0.40278,0.73611,0.47222,0.76389,0.48611,0.694445,0.541665,0.707715,0.42872,0.59722,0.430555,0.68462,0.425955,0.541665,0.25,1
0.76905,0.85589,0.904165,0.72811,0.732135,0.665405,1.0,0.606245,1.0,0.41292,1.0,0.334595,0.99361,0.19308999999999998,1.0,0.23663,0.858495,0.057499999999999996,0.73947,0.0,0.675875,0.0,0.547845,0.0,0.416435,0.0,0.28886999999999996,0.04048499999999999,0.172215,1
0.771505,0.77458,0.8603149999999999,0.676125,0.85396,0.567345,0.9737450000000001,0.45091,0.96889,0.31198000000000004,0.911115,0.23629,0.8558049999999999,0.15821000000000002,0.8399449999999999,0.149185,0.62478,0.104265,0.514975,0.005060000000000009,0.35450499999999996,0.14823999999999998,0.33604,0.18344,0.404075,0.329345,0.19773000000000002,0.401955,0.18522,1
0.791925,0.728125,0.890575,0.58235,0.91366,0.43494,0.934735,0.269115,0.892485,0.20282499999999998,0.7603500000000001,0.10765000000000002,0.632645,0.07993,0.51964,0.189795,0.343245,0.26294,0.255475,0.31351,0.16102,0.47473,0.18654500000000002,0.57345,0.270445,0.685465,0.304165,0.741595,0.37843499999999997,1
0.8282,0.727855,0.9428799999999999,0.576615,0.97888,0.391125,0.9815050000000001,0.217325,0.9169849999999999,0.10624499999999998,0.790225,0.03448000000000001,0.6301,0.03179500000000002,0.46791,0.06485999999999997,0.295255,0.174605,0.16268,0.316005,0.075245,0.47711,0.04389500000000002,0.6366499999999999,0.07118999999999998,0.774135,0.151935,0.8741399999999999,0.279135,1
0.8421000000000001,0.646515,0.97039,0.44446,0.8826350000000001,0.34197500000000003,0.9622649999999999,0.16692,0.89383,0.039275000000000004,0.71157,0.028424999999999978,0.547925,0.0,0.515955,0.16784500000000002,0.16860999999999998,0.26995,0.10913,0.43257,0.059589999999999976,0.5988249999999999,0.07431500000000002,0.74452,0.14876499999999998,0.84943,0.26976,0.8803300000000001,0.43403,1
0.47221,1.0,0.506865,1.0,0.43824,1.0,0.492445,1.0,0.491345,1.0,0.46813,1.0,0.464215,1.0,0.5295,1.0,0.44945999999999997,1.0,0.486575,1.0,0.38511,1.0,0.465885,1.0,0.541495,1.0,0.42903,1.0,0.462805,1
0.43378,0.9749099999999999,0.497695,0.914045,0.244145,0.962205,0.55184,1.0,0.428765,0.99632,0.48729,0.979265,0.42241,0.920065,0.8086949999999999,1.0,0.418395,0.93746,0.457525,0.928705,0.49168,0.92066,0.491155,0.9121349999999999,0.490665,0.90317,0.490215,0.893805,0.489805,1
0.76156,0.706595,0.8407899999999999,0.570885,0.91774,0.415845,0.89386,0.285445,0.86164,0.214175,0.707355,0.12281999999999998,0.583775,0.150115,0.45072,0.21152500000000002,0.382485,0.296815,0.308565,0.412815,0.2373,0.507615,0.256465,0.59515,0.309705,0.6550400000000001,0.384005,0.67286,0.45982,1
0.8256399999999999,0.67408,0.8989199999999999,0.52916,0.95421,0.35108,0.93245,0.18682500000000002,0.84795,0.11447000000000002,0.696545,0.07098500000000002,0.54204,0.09179500000000002,0.379915,0.177105,0.24989,0.30117,0.15831499999999998,0.444265,0.12233500000000003,0.585205,0.14248,0.703375,0.21175500000000003,0.78313,0.316175,0.813825,0.433475,1
0.85902,0.647605,0.9541200000000001,0.476065,0.972075,0.27137500000000003,0.923025,0.11170000000000002,0.792555,0.03590500000000002,0.625665,0.03859000000000001,0.423425,0.11968000000000001,0.25798,0.24534499999999998,0.11901499999999998,0.425525,0.05704500000000001,0.607905,0.07148500000000002,0.7661450000000001,0.15703499999999998,0.8742300000000001,0.29672,0.91571,0.464855,0.8843099999999999,0.63963,1
0.398735,0.9367099999999999,0.449365,0.94304,0.50633,1.0,0.55696,0.962025,0.531645,0.92405,0.481015,0.8164549999999999,0.316455,0.9367099999999999,0.49367,0.9683550000000001,0.531645,1.0,0.62658,0.810125,0.310125,0.9231849999999999,0.4723,1.0,0.468355,0.765825,0.51266,0.91772,0.48734,1
0.508295,0.91319,0.512345,0.932775,0.508405,0.80252,0.52941,0.895465,0.523655,0.887205,0.527035,0.82353,0.5966400000000001,0.9201699999999999,0.52101,0.856425,0.53561,0.844475,0.537885,0.831935,0.542015,0.81864,0.54148,0.806725,0.508405,0.7909349999999999,0.543785,0.7766500000000001,0.544455,1
0.50728,0.9602299999999999,0.5109,0.9638249999999999,0.54005,0.9379850000000001,0.55685,0.955805,0.5216,0.9536899999999999,0.5250900000000001,0.936695,0.5142100000000001,0.97933,0.5,0.945485,0.535235,0.94215,0.538485,0.918605,0.554265,0.934615,0.54475,0.9379850000000001,0.54393,0.92599,0.55067,0.9212899999999999,0.55349,1
0.498285,1.0,0.492175,1.0,0.492175,1.0,0.485955,1.0,0.48906499999999997,0.9991399999999999,0.484565,0.9976400000000001,0.48381,0.99657,0.48274,1.0,0.480595,1.0,0.474805,1.0,0.475345,0.9992099999999999,0.472365,0.997,0.46848,0.995285,0.467515,0.994855,0.46666,1
0.527725,0.947525,0.50693,0.9643550000000001,0.51386,0.9564349999999999,0.49505,0.970295,0.49208,0.9594050000000001,0.51683,0.968315,0.5,0.971285,0.50693,0.952475,0.50396,0.943565,0.49109,0.946535,0.51188,0.94501,0.508055,0.9405950000000001,0.50099,0.936635,0.52079,0.933665,0.51188,1
0.491135,0.9503550000000001,0.503545,0.92376,0.52837,1.0,0.51773,0.98936,0.50532,0.98759,0.51773,1.0,0.484045,0.94858,0.484045,0.93085,0.539005,1.0,0.5461,0.9503550000000001,0.52305,0.971525,0.516235,0.9734050000000001,0.51241,1.0,0.50532,0.968085,0.51064,1
0.50635,0.727275,0.545455,0.81818,0.545455,0.60606,0.39394,0.78788,0.57576,0.69697,0.5,0.78078,0.522805,0.757575,0.51515,0.89394,0.59091,0.6515150000000001,0.42424,0.74263,0.529645,0.73181,0.53071,0.6666650000000001,0.48485,0.70928,0.53205,0.69697,0.62121,1
0.8333349999999999,0.686005,0.915245,0.54323,0.929465,0.37941,0.930605,0.24118499999999998,0.837885,0.15643,0.70762,0.11490499999999998,0.54949,0.153015,0.43174,0.25256,0.288965,0.33731500000000003,0.211605,0.48578,0.20023000000000002,0.5768,0.234365,0.661545,0.31456,0.730945,0.401595,0.70478,0.5091,1
0.84719,0.67958,0.94348,0.479035,0.9667250000000001,0.30562500000000004,0.92207,0.16363,0.8103899999999999,0.08660000000000001,0.65178,0.06924999999999998,0.473175,0.13218000000000002,0.328625,0.24111,0.18778499999999998,0.38286,0.13072499999999998,0.534555,0.13072,0.667655,0.18852000000000002,0.76207,0.28957,0.8060849999999999,0.413285,0.800365,0.5433,1
0.8738049999999999,0.649605,0.979525,0.43329,0.9891,0.23881999999999998,0.916315,0.101715,0.7754300000000001,0.016845,0.57596,0.034995,0.37223,0.140685,0.20310499999999998,0.29227000000000003,0.07397500000000001,0.48875,0.031059999999999977,0.68159,0.07316,0.83769,0.190205,0.9298850000000001,0.359385,0.94327,0.549,0.877475,0.731505,1
0.53079,0.5649649999999999,0.963565,0.36207,0.9679800000000001,0.34236500000000003,0.6884250000000001,0.06403999999999999,0.6847300000000001,0.035715,0.455665,0.30542,0.32882,0.26724000000000003,0.08744000000000002,0.472905,0.03201999999999999,0.62808,0.397785,0.86896,0.27025,0.9273549999999999,0.465845,1.0,1.0,0.69335,0.50123,0.58879,0.89895,1
0.6666650000000001,0.530305,0.68182,0.33948,0.86531,0.272725,0.742425,0.21211999999999998,0.5,0.21211999999999998,0.439395,0.333335,0.257575,0.454545,0.07576,0.742425,0.21211999999999998,0.78788,0.28788,1.0,0.30303,0.864805,0.561655,0.98485,0.78788,0.62121,0.68182,0.545455,0.6666650000000001,1
0.48628,0.96799,0.4939,0.95122,0.509145,0.95122,0.509145,0.96951,0.504575,0.97866,0.501525,1.0,0.51372,0.971035,0.4939,0.95427,0.512195,0.957315,0.52744,0.998475,0.52439,0.94833,0.51113,0.95427,0.504575,1.0,0.52744,0.987805,0.4939,1
0.45922,0.9521299999999999,0.491135,0.96454,0.50532,0.90071,0.544325,0.9734050000000001,0.496455,0.97163,0.5,0.96631,0.601065,0.975175,0.496455,0.957445,0.503545,0.90248,0.53546,0.955675,0.579785,0.947635,0.540825,0.8883,0.53369,0.962765,0.590425,0.962765,0.5,1
0.50491,0.9427099999999999,0.507355,0.93617,0.49291,0.8652500000000001,0.55319,0.938285,0.51456,0.936175,0.51691,0.9787250000000001,0.539005,0.975175,0.521275,0.9279850000000001,0.523715,0.924655,0.52589,0.93617,0.55674,0.917145,0.53007,0.87234,0.48227,0.90855,0.534,0.90387,0.535865,1
0.501715,0.9460500000000001,0.50255,0.931675,0.5,0.975155,0.537265,0.9351050000000001,0.50497,0.931515,0.505755,0.9192549999999999,0.468945,0.92857,0.51242,0.92091,0.508015,0.91743,0.508745,0.8975150000000001,0.47826,0.910555,0.510165,0.90994,0.54348,0.9037850000000001,0.51154,0.90044,0.512205,1
0.50977,1.0,0.50977,0.9964500000000001,0.507995,0.978685,0.511545,0.9857899999999999,0.51776,1.0,0.51865,0.9893449999999999,0.510655,0.9928950000000001,0.52842,0.9857899999999999,0.52398,0.97247,0.52753,0.992005,0.51776,0.9877,0.532385,0.974245,0.540855,0.99556,0.531085,0.9946699999999999,0.549735,1
0.505525,1.0,0.5116,0.99724,0.49282,0.99724,0.498895,0.991715,0.5116,1.0,0.50442,0.987845,0.503865,0.9895050000000001,0.508285,0.990055,0.503315,0.99061,0.510495,0.985635,0.496685,0.990165,0.508,0.9895050000000001,0.507735,0.99282,0.510495,0.99337,0.51381,1
0.50783,1.0,0.49888,1.0,0.53132,0.988815,0.52237,0.979865,0.51454,1.0,0.53244,0.994405,0.51678,1.0,0.517895,0.99888,0.54698,0.978745,0.536915,1.0,0.550335,0.999945,0.543815,0.995525,0.542505,1.0,0.550335,1.0,0.550335,1
0.83691,0.6980649999999999,0.931995,0.51212,0.96591,0.32426,0.9185650000000001,0.19841999999999999,0.7942100000000001,0.10671000000000003,0.69389,0.08357500000000001,0.49679,0.15341,0.335185,0.23748000000000002,0.23037999999999997,0.36311499999999997,0.15937,0.50403,0.15113,0.63014,0.19661,0.722845,0.28308500000000003,0.771045,0.39229,0.7814300000000001,0.514115,1
0.878625,0.6522,0.97574,0.39775499999999997,0.9826699999999999,0.22258499999999998,0.9059550000000001,0.09071499999999999,0.754745,0.015069999999999972,0.551725,0.04271999999999998,0.34294,0.149185,0.172695,0.33823000000000003,0.055005000000000026,0.529325,0.02914,0.722415,0.08922999999999998,0.870525,0.22384500000000002,0.947075,0.406375,0.939465,0.601795,0.8527750000000001,0.77426,1
0.64654,0.5701,0.872425,0.37434500000000004,0.959965,0.417485,0.63332,0.18142999999999998,0.624325,0.011749999999999983,0.498315,0.383865,0.400455,0.34739,0.25556999999999996,0.42787,0.050045000000000006,0.546725,0.35542,0.641535,0.4072,0.697995,0.44251,0.655025,0.52807,0.6072150000000001,0.6027,0.56688,0.63211,1
0.87402,0.526595,0.92553,0.339865,0.910695,0.15873500000000001,0.76204,0.07894499999999999,0.535555,0.085945,0.356385,0.26483999999999996,0.14137499999999997,0.476205,0.06999,0.61646,0.11842000000000003,0.783315,0.23936000000000002,0.8714999999999999,0.406775,0.8737900000000001,0.618565,0.7259249999999999,0.795355,0.602745,0.88382,0.407335,0.87178,1
0.625955,0.44721500000000003,0.7443299999999999,0.408395,0.408395,0.29007499999999997,0.530535,0.27290000000000003,0.5458,0.41794,0.34733,0.448475,0.301525,0.59351,0.412215,0.67006,0.440235,0.64313,0.419845,0.608225,0.62346,0.519565,0.6554599999999999,0.480915,0.63168,0.41603,0.58397,0.34923499999999996,0.33206,1
0.5,0.99491,0.499625,0.973605,0.51197,0.9884999999999999,0.51065,0.98944,0.515365,0.99585,0.51169,0.969645,0.528565,0.96776,0.526395,0.9886900000000001,0.52762,1.0,0.531205,0.9707749999999999,0.540535,0.983545,0.5362750000000001,0.978505,0.54044,0.99095,0.5406299999999999,0.986235,0.54308,1
0.501155,0.93757,0.49393,0.934105,0.46243,0.86416,0.44133,0.9231199999999999,0.525145,0.915605,0.463005,0.87399,0.533525,0.8916200000000001,0.53179,0.9338150000000001,0.48815,0.89422,0.46994,0.872255,0.48815,0.8835850000000001,0.486345,0.8702300000000001,0.46185,0.85029,0.4789,0.8921950000000001,0.50607,1
0.487885,0.840975,0.48213,0.7785850000000001,0.469405,0.80918,0.447665,0.810495,0.46736500000000003,0.796805,0.463555,0.711355,0.36795500000000003,0.791065,0.52496,0.74868,0.456145,0.731205,0.455055,0.72504,0.49718,0.69573,0.45481,0.67794,0.44847,0.66116,0.45681499999999997,0.644715,0.4585,1
0.50129,0.9291050000000001,0.50192,0.89994,0.51152,0.90752,0.56034,0.9154800000000001,0.50372,0.9090750000000001,0.50427,0.9138850000000001,0.46513,0.882655,0.519405,0.884895,0.50574,0.875355,0.50616,0.88569,0.498485,0.85443,0.506875,0.830805,0.504245,0.8314900000000001,0.50742,0.819435,0.507625,1
0.534155,0.74795,0.750685,0.878415,0.498635,0.82582,0.429645,0.70082,0.255465,0.69604,0.793715,0.88388,0.6591549999999999,0.89276,0.556695,0.737705,0.275275,1.0,0.503415,0.80328,0.534835,0.84328,0.58544,0.93784,0.5389349999999999,0.77664,0.62295,0.56967,0.740435,1
0.42647,0.921745,0.472165,0.952205,0.47689,0.946955,0.56565,0.905985,0.533615,0.8965350000000001,0.455355,1.0,0.489495,0.983195,0.53309,0.938025,0.505775,0.887605,0.53309,0.97689,0.47899,0.917395,0.500615,1.0,0.564075,0.9333,0.44643,0.9527300000000001,0.47846500000000003,1
0.486385,0.96719,0.4904,0.97295,0.50803,0.98255,0.516405,0.970855,0.53665,0.973125,0.49337,0.985865,0.5007,0.97417,0.53019,0.9633499999999999,0.54206,0.9656199999999999,0.550435,0.9726,0.506805,0.9676100000000001,0.524625,0.965795,0.54084,0.97033,0.499825,0.957415,0.52356,1
0.483865,0.975885,0.482845,0.97792,0.51223,0.97062,0.50883,0.962975,0.52344,0.96977,0.492695,0.9741850000000001,0.51002,0.96892,0.506965,0.95703,0.538385,0.94735,0.53074,0.96994,0.515965,0.962445,0.51271,0.9606,0.51121,0.962295,0.50221,0.9634849999999999,0.497115,1
0.490055,0.9784550000000001,0.48177,0.92873,0.50055,0.94862,0.483425,0.9453050000000001,0.49282,0.95304,0.47735,0.956905,0.49558,0.9038649999999999,0.43535999999999997,0.9436450000000001,0.506075,0.9607749999999999,0.4884,0.9552499999999999,0.489505,0.945735,0.4612,0.9149149999999999,0.41381,0.98011,0.481215,0.9370149999999999,0.418785,1
0.469245,0.939365,0.5413,0.9446399999999999,0.454305,0.893675,0.53339,0.90334,0.498245,0.8963099999999999,0.49473,0.92882,0.477155,0.9358500000000001,0.482425,0.9086099999999999,0.45255,0.85501,0.52197,0.932335,0.42443,0.905735,0.47589,0.891035,0.496485,0.878735,0.46660999999999997,0.92882,0.469245,1
