1,0.11294004351392802,0.1307272306414498,0.08146415598693642,0.0031063046479521397,0.06542719968645895,0.02784730913642053,2
1,0.06289902628669258,0.13282409487629862,0.10309667266671697,0.028548418907369668,0.08058984910836763,0.0369837296620776,2
1,0.05662160716196454,0.11918086134825646,0.08278991560408291,0.039116428900138056,0.08605232216343328,0.16355861493533586,2
1,0.1182544494774762,0.015535857740016068,0.045463854187999184,0.10484189073696668,0.01234567901234568,0.037234042553191495,1
1,0.20162642222777044,0.07291368816633308,0.07755154833633336,0.0639339951350996,0.04345483049186753,0.10809345014601586,2
1,0.08390698006206085,0.11170567651103576,0.05521842698082499,0.010535139044112813,0.04389574759945131,0.03020442219440968,2
1,0.10809822734244035,0.042808708794575386,0.0751479353719133,0.007478140819144041,0.07684205369390555,0.011305798915310805,2
1,0.06755358989906195,0.06673202347398663,0.1015661209135885,0.027019919794885282,0.08127572016460906,0.05346266166040885,2
1,0.05314405963548168,0.04892229347929687,0.06670834366276125,0.0065741897311156405,0.04196061140505585,0.0155819774718398,1
1,0.05352748154224774,0.15029342483286356,0.20347715489830454,0.01863782788771284,0.1818048206937096,0.04370045890696705,2
1,0.029987159824517603,0.07281837615565813,0.13980835767485478,0.07190520018407733,0.14633548892808151,0.03631622861910722,2
1,0.11719335164247245,0.01455550563021663,0.04871897129676536,0.022927486687265797,0.013374485596707819,0.010304547350855236,2
1,0.28276028105717443,0.16698664270250396,0.1266908824385354,0.004306094273880744,0.09499314128943759,0.06107634543178974,2
1,0.1891607518636088,0.08377925738327682,0.16145165288810806,0.05045690618631254,0.16421712718009016,0.012494785148101794,2
1,0.21979883725077576,0.1281265743501763,0.13029091261842915,0.004421142594175268,0.12382422104644328,0.04516061743846475,2
1,0.09139708242679316,0.014419345614966708,0.0411524407989049,0.006113996449937546,0.023540074466000392,0.008531497705465164,1
1,0.00906837393444377,0.11928978936045641,0.13061426862261122,0.001791466701729012,0.11035175387027239,0.02246558197747184,2
1,0.05236829903342012,0.08308484130550223,0.0315811030751156,0.013378476102820327,0.008989809915735843,0.09334584897788903,1
1,0.1658344330705853,0.0853995615647509,0.10882007394073963,0.03582933403458024,0.06770527140897512,0.06629119732999583,2
1,0.06934586439348005,0.033223043720980894,0.10197570518555246,0.01058444546709618,0.06160591808739957,0.010387984981226533,1
1,0.15642722117202268,0.06078183080756505,0.04957047544111148,0.017109328775228454,0.05526161081716637,0.04424280350438048,2
1,0.04961301137782216,0.01111065724439361,0.021632516679780552,0.055190322792715796,0.009112286890064668,0.01180642469753859,1
1,0.2788547276812783,0.02535299483953542,0.04813693048923764,0.15421405561764512,0.058250048990789734,0.09034209428452233,1
1,0.23513571352141813,0.49518674346091524,0.23730019293574917,0.0842975478272303,0.10616304134822653,0.34459741343345845,2
1,0.20191175946071263,0.13236115082444888,0.14862519805555258,0.0474985208073105,0.10971487360376249,0.12046307884856071,2
1,0.14411313621286156,0.05684680636684231,0.08183062612500944,0.0028926434816908815,0.09798157946306095,0.0011264080100125155,2
1,0.08823162249884081,0.012336097381642906,0.030805048665078633,0.05137729274866872,0.005854399372917892,0.017313308302044222,1
1,0.1272693226807433,0.010184769140694144,0.032788298824062,0.007560318190782986,0.002376053301979228,0.010742594910304548,1
1,0.0366480008560117,0.278161295154065,0.27974605775138234,0.018621392413385052,0.2106848912404468,0.10853149770546518,2
1,0.3841798337910618,0.027844723118608986,0.028088858229949235,0.019311682335152194,0.027042915931804818,0.01710471422611598,1
1,0.16774262581588614,0.04840488542134717,0.1196848356812572,0.01845703767010716,0.052199686458945724,0.061743846474760125,1
1,0.023263901273317403,0.05833095053306646,0.03373680976966274,0.03390638353822891,0.0200127376053302,0.020483938256153526,1
1,0.19286121910332774,0.01719700992606511,0.031074512001897026,0.003960949312997173,0.02241328630217519,0.008385481852315394,1
1,0.2650604558262296,0.06441730321473796,0.07893120062084354,0.10033857077115246,0.008769351361943956,0.022528160200250315,1
1,0.01336626600563541,0.026197186934084935,0.024348707114909947,0.0065741897311156405,0.011757789535567314,0.008176887776387151,1
1,0.006108000142668616,0.07401658428985744,0.11951237914569345,0.013279863256853593,0.10376249265138154,0.00903212348769295,2
1,0.2670756500338838,0.05864411856814128,0.05847354408959117,0.028006048254552628,0.021041544189692337,0.09643304130162704,1
1,0.13522309804900667,0.14298163201394276,0.13445142653890513,0.031145223851160347,0.15929355281207133,0.014831038798498123,2
1,0.04091022577308556,0.21341720790272725,0.18006618019552262,0.00013148379462231283,0.1703164805016657,0.008969545264914476,2
1,0.5007311766594144,0.006808000762496085,0.009689901591989394,0.16397672736835184,0.005119537526944934,0.06076345431789738,1
1,0.21419909405428542,0.05823563852239151,0.051241148129385516,0.1558904739990796,0.0279737409367039,0.1222569879015436,1
1,0.17096158647501516,0.040984164590226434,0.06416460976319562,0.033002432450200514,0.06300215559474819,0.0583854818523154,1
1,0.09672040517887077,0.10212001143744127,0.1612253036851806,0.0026789823154296233,0.16892024299431707,0.0008969545264914477,2
1,0.005590826407960909,0.15032065683591356,0.25863091067829314,0.012523831437775294,0.23334313149127964,0.0014392991239048812,2
1,0.08619859471412776,0.09493076263224541,0.11282968839259731,0.008480704753139175,0.11304624730550657,0.0012932832707551105,2
1,0.046171131005457076,0.29940225753305283,0.23204026860105414,0.028186838472158308,0.1800411522633745,0.10392156862745099,2
1,0.02764204444127403,0.19081464537124027,0.2366103667934941,0.02700348432055749,0.1662992357436802,0.030225281602002503,2
1,0.3964671683846345,0.7380417466606757,0.5989415480129775,0.12748997436066004,0.5920047031158142,0.13479349186483106,2
1,0.1026857367050683,0.08301676129787726,0.11710876618127339,0.009187430149234106,0.1253674309229865,0.03072590738423029,2
1,0.044262938260156225,0.29079694456925775,0.311693630964571,0.029140095983170074,0.3326474622770919,0.024196912807676264,2
1,0.05587259692549131,0.014160641585991857,0.02130916067559848,0.0630300440470712,0.014844209288653733,0.045035460992907804,1
1,0.02981774084245818,0.05440954209386872,0.07537428457484074,0.0035171915061468673,0.03760043111894964,0.0062161034626616605,1
1,0.3630737953418696,0.05257138188799477,0.06330232708537677,0.008332785484189073,0.06329610033313737,0.026595744680851064,2
1,0.004351392802368299,0.14185150388736842,0.12426571240716988,0.011817106041680363,0.13737017440721144,0.004609929078014184,2
1,0.24366016335556587,0.018980706125839082,0.020953469070998203,0.03962592860429952,0.0049235743680188125,0.027743012098456404,1
1,0.04691122445340086,0.049398853532671594,0.05391422443062397,0.016961409506278353,0.04950519302371154,0.02350855235711306,1
1,0.03651424902807005,0.40626063750119135,0.2895437446780991,0.04258431398330156,0.434474818734078,0.027889027951606176,2
1,0.048275493098405675,0.13449886306387265,0.11300214492816107,0.00021366116626125826,0.18540564373897708,0.026679182311222363,2
1,0.12283767878161002,0.026074642920360006,0.017730687562650227,0.009384655841167575,0.0054869684499314125,0.00903212348769295,1
1,0.05469558083960481,0.07223288809008346,0.08662707352037682,0.0017092893300900665,0.0754703115814227,0.033375052148518984,1
1,0.07656846310232907,0.04071184455972659,0.08462226629444798,0.0011669186772730262,0.10023515579071135,0.004630788485607009,2
1,0.3204604629596604,0.52168348242855,0.6423467023076841,0.053070146604431004,0.6539780521262002,0.04201084689194828,2
1,0.06972928630024611,0.08428304943970154,0.07050238744516421,0.0678620734994412,0.09972075249853028,0.020045890696704215,2
1,0.0837553946570603,0.15721035360755958,0.16999902993198746,0.04718624679508251,0.18797766019988243,0.02695035460992908,2
1,0.04241716303456147,0.015957953787290823,0.03499789818597281,0.06079481953849188,0.030472271213011954,0.023821443471005423,1
1,0.0007311766594143453,0.2846288958784363,0.4939262963881135,0.00018079021760568007,0.5934744268077601,0.0296203587818106,2
1,0.000053500731176659406,0.020138066255463417,0.07991204716686248,0.002465321149168365,0.08487654320987655,0.0005006257822277848,1
1,0.17753325962121483,0.09128167422354751,0.1450682820095498,0.020232068897508382,0.12585733882030178,0.017334167709637048,2
1,0.021783714377429826,0.09810329098756859,0.04300634855621544,0.09606534744592729,0.019228884969625708,0.06449728827701294,1
1,0.07444626743232158,0.03764824421660335,0.013904308179829053,0.01239234764315298,0.015995492847344698,0.0029411764705882357,1
1,0.14892820201876092,0.026986915022534478,0.0344805285792815,0.17451186641246466,0.002767979619831472,0.028410513141426785,1
1,0.1630702286264579,0.016488977846765517,0.2267695657328864,0.0878969167050161,0.10214579659024103,0.3018147684605757,1
1,0.03938545493455077,0.0692237517530602,0.028649341970531494,0.14540464137795017,0.03228493043307858,0.003712974551522737,1
1,0.17740842458180262,0.07185164004738369,0.09388102654752795,0.13324239037538624,0.018640995492847343,0.013454317897371715,2
1,0.07300174769055177,0.08561741758915077,0.10553262123155524,0.02070869765301427,0.04649225945522242,0.037067167292448897,2
1,0.1818579020579948,0.014732513650041528,0,0.07202024850437184,0,0.020275344180225283,1
1,0.006366587010022471,0.04809171738627235,0.07037304504349139,0.1233482348300572,0.012884577699392516,0.01858573216520651,1
1,0.10880265363626636,0.172133491278951,0.3075870097114587,0.013871540332654,0.29470409563002153,0.02098456403838131,2
1,0.09597139494239755,0.01524992170799123,0.022246893087726486,0.034037867332851225,0.00729962766999804,0.003420942845223196,1
1,0.014596782822698577,0.043625668886074914,0.039363204242430776,0.01385510485832621,0.02936997844405252,0.0344180225281602,1
1,0.062435353283161535,0.01053878518034394,0.03240027161904351,0.006656367102754586,0.0148687046835195,0.010972048393825616,1
1,0.001926026322359739,0.12914777446455072,0.15521088200739408,0.004240352376569588,0.19143151087595534,0.003191489361702128,2
1,0.09236901237650248,0.12495404599485314,0.11862853940092911,0.011702057721385838,0.08656672545561435,0.04879015435961619,2
1,0.18610229339800977,0.020532930299688192,0.019185789581469548,0.037719413582275985,0.013398980991573585,0.016040884438881936,1
1,0.10578877911331455,0.04455155698977438,0.05185552453733145,0.018950101899940834,0.09391534391534392,0.0024405506883604508,2
1,0.1436851303634483,0.6282695423661887,1,0.01645190980211689,0.9999999999999999,0.06134751773049646,2
1,0.20439062667189783,0.9999999999999999,0.3461094883430161,0.015810926303333115,0.491549088771311,0.01877346683354193,2
1,0.3857581053607732,0.06767152757921109,0.08745702059777746,0.10332982709881008,0.038604742308446016,0.29929078014184396,1
1,0.07009487462995327,0.006630992742671187,0.04353449669637949,0.15958845572283215,0.003968253968253968,0.0008969545264914477,1
1,0.222036951171666,0.051482101765995394,0.05741724780926307,0.056176451252383144,0.011047423084460122,0.06622861910721736,1
1,0.10166922281271178,0.007366256825020765,0.01762290222792287,0.05459864571691539,0.0016166960611405056,0.007446808510638298,1
1,0.1136979705389307,0.03685851612815381,0.027237354085603117,0.14246269147327592,0.015285126396237508,0.02323738005840634,1
1,0.08198987052823055,0.3733099138107103,0.34524720566519723,0.052708566169219644,0.46303644914756026,0.10694618272841053,2
1,0.10085779505653243,0.04132456462835124,0.022193000420362808,0.5749786338833739,0.001665686850872036,0.05621610346266167,1
1,0.050139101901059316,0.16563865855152973,0.12201299891136813,0.002974820853329827,0.12333431314912796,0.005027117229870671,2
1,0,0.03900984436910257,0.06735505567112539,0.006820721846032477,0.005388986870468352,0.014726741760534002,1
1,0.0001783357705888647,0.03487057990550495,0.0874677991312502,0.001972256919334692,0.09482167352537724,0.0044639132248644135,2
1,0.003566715411777294,0.002709584303473442,0.00654256981795057,0.012310170271514036,0.001249265138154027,0.0012515644555694619,1
1,0.004458394264721618,0.0007761120869245537,0.008353363441370167,0.014298862665176517,0.0012982559278855576,0.002690863579474343,1
1,0.08609159325177444,0.028961235243658345,0.020543884799034247,0.09226875287620802,0.005193023711542229,0.006675010429703796,1
1,0.10335449584477654,0.10516999577903953,0.13086217489248414,0.05303727565577542,0.1967470115618264,0.06312056737588653,2
1,0.012635089346221064,0.14644009640129077,0.17530206840057344,0.02577082374597331,0.1656623554771703,0.03827701293283271,2
1,0.026117273602739237,0.08719687376604986,0.08271446586977377,0.04168036289527315,0.11194395453654714,0.028848560700876096,2
1,0.5000445839426473,0.046961589259698,0.09596128350776593,0.29588784432318715,0.03617969821673526,0.052044221944096795,1
1,0.12569996789956128,0.028280435167408736,0.03709971221315628,0.021546906843731513,0.036449147560258674,0.011368377138089279,1
1,0.1389592324428434,0.013057745462467492,0.04275844228634252,0.014545394780093352,0.0033313737017440725,0.0286816854401335,1
1,0.012938260156222134,0.08553572158000082,0.11534108669174473,0.0017750312274012227,0.16723006074857927,0.03813099707968294,2
1,0.07841423832792381,0.14420707215119205,0.16041691367472544,0.04020117020577214,0.21962571036645112,0.029933249895702962,2
1,0.013624852872989264,0.11358468472148468,0.07521260657274971,0.0036486753007691805,0.061287477954144624,0.02571964956195244,2
1,0.01251025430680886,0.22703320942771943,0.3123942356402988,0.010650187364407336,0.02040466392318244,0,2
1,0.10535185647537183,0.021690290429312524,0.01822650010239607,0.036996252711853264,0.004066235547717029,0.034292866082603256,1
1,0.11213753254627813,0.1505793608648884,0.1893357189820753,0.012819669975675498,0.15809327846364885,0.03162286191072174,2
1,0.16980240396618754,0.036967444140353745,0.02657986354376624,0.14509236736572217,0.011757789535567314,0.05642469753858991,1
1,0.1287138424225131,0.03049984341598246,0.018646862907832764,0.05251134047728617,0.014256319811875369,0.032498957029620364,1
1,0.16086778185968542,0.013956401563116975,0.021524731345053196,0.04158175004930642,0.0028169704095630022,0.026345431789737174,1
1,0.09925277312123265,0.010048609125444221,0.032173922416116066,0.044211425941752674,0.006687242798353909,0.012661660408844389,1
1,0.09960052787388093,0.0335770597606307,0.036129644200610066,0.02452172769706134,0.007520086223789927,0.0045682102628285355,1
1,0.06230160145521989,0.05208120583309505,0.05795617448289986,0.026658339359673922,0.007740544777581814,0.02413433458489779,1
1,0.1787459428612191,0.02499897879988562,0.025426560462183518,0.08740385247518244,0.009994121105232217,0.01939924906132666,1
1,0.0736080893105539,0.031167027490707076,0.02310917576554534,0.06362172112287161,0.006442288849696257,0.013183145598664998,1
1,0.1529853407996576,0.015590321746116036,0.036744020608556,0.03931365459207153,0.004188712522045855,0.023633708802670007,1
1,0.03581873952277348,0.04328526884795011,0.016113907541739872,0.03895207415686017,0.006393298059964726,0.005256570713391739,1
1,0.10886507115597246,0.001987936222648857,0.0026084051004020394,0.03231214252843337,0.0005388986870468352,0.01787651230705048,1
1,0.0995737775082926,0.1458818403387661,0.09496965842827425,0.035648543816974555,0.048329414070154814,0.0029203170629954114,2
1,0.32142347612084027,0.021608594420162573,0.0318829020123522,0.0782657287489317,0.012174211248285324,0.033750521485189824,1
1,0.6797624567535756,0.04653949321242324,0.07651680912295074,0.2713989875747814,0.018983931020968056,0.019086357947434292,1
1,0.1713450083817812,0.024304562722111022,0.017838472897377586,0.13427782525803694,0.008475406623554772,0.010012515644555695,1
1,0.19137211541891072,0.09787181896164372,0.11513629455576274,0.01405233055025968,0.05837252596511856,0.057279933249895706,2
1,0.0012216000285337233,0.11971188540773116,0.041173997865850374,0.0019229504963513247,0.025940623162845382,0,1
1,0.3772604058922138,0.01185953732826818,0.0162432499434127,0.027825258036946948,0.009969625710366452,0.03788068418856905,1
1,0.06371937083140136,0.032310771618806425,0.007501859297024047,0.10339556899612123,0.009602194787379973,0.018940342094284524,1
1,0.01870742233477191,0.00727094481434582,0.003352123910020803,0.005275787259220301,0.0016411914560062707,0.00640383813099708,1
1,0.13286014908870422,0.02691883501490952,0.026687648878493595,0.009055946354611794,0.023319615912208505,0.006779307467667918,1
1,0.08409423262117915,0.013438993505167272,0.013279153238410382,0.006754979948721321,0.0061973349010386045,0.008197747183979975,1
1,0.0658504832899383,0.024876434786160695,0.023400196169309207,0.011422654657813424,0.0010777973740936702,0.01113892365456821,1
1,0.056149017369904054,0.016802145881840338,0.027894844627439994,0.01881861810531852,0.004801097393689986,0.00673758865248227,1
1,0.041213396583086634,0.11606279699903325,0.07574075471291376,0.07478140819144041,0.05986674505193024,0.0321026282853567,1
1,0.027499375824802937,0.10926841223806216,0.08923547862077887,0.010452961672473867,0.01758769351361944,0.0006883604505632041,1
1,0.12067981595748475,0.0572144384080171,0.054226801901333305,0.002136611662612583,0.006025867136978248,0.06816854401335003,1
1,0.04800798944252238,0.06704519150906145,0.036000301798937234,0.01314837946223128,0.015530080344895161,0.01931581143095536,1
1,0.1571138138887898,0.05752760644309192,0.07870485141791608,0.03704555913483663,0.02344209288653733,0.054505632040050066,1
1,0.2708563683703677,0.17969037212532166,0.05589747458960734,0.004864900401025574,0.0011757789535567313,0.030183562786816855,1
1,0.3302154296108713,0.09663276282286944,0.08892290115006952,0.048813358753533626,0.00041642171271800895,0,1
1,0.09275243428326854,0.020982258350012932,0.011780937085700119,0.13805798435342842,0.009700176366843035,0.006570713391739674,1
1,0.16784962727823946,0.04931715752352164,0.021395388943380365,0.0015284991124843862,0.012566137566137567,0.0041301627033792235,1
1,0.19649035203481113,0.11340767670165978,0.3749744009830023,0.00027940306357241465,0.3083480305702528,0.09234459741343347,2
1,0.06924777971965616,0.02561169886851027,0.023432531769727413,0.014808362369337979,0.0017146776406035665,0.010784313725490196,1
1,0.08203445447087776,0.04517789305992402,0.029145154510277334,0.020725133127342057,0.02643053106016069,0.010909470171047143,1
1,0.0527963048828334,0.007202864806720858,0.005809629541804542,0.06618565511800671,0.006858710562414266,0.0089904046725073,1
1,0.28363412633305984,0.01876285010143921,0.017763023163068437,0.012737492604036553,0.002694493435234176,0.029974968710888613,1
1,0.14464814352462815,0.024100322699236138,0.018991775978960304,0.013608572743409375,0.004090730942582794,0.022194409678765122,1
1,0.011466990048864001,0.044565172991299376,0.02176185908145338,0.008316350009861284,0.006172839506172839,0.03694201084689196,1
1,0.16796554552912224,0.017918658006889694,0.03375836683660821,0.04891197159950036,0.008548892808152068,0.00377555277430121,1
1,0.030852088311873596,0.12519913402230298,0.025491231663019934,0.01239234764315298,0.007324123064863805,0.03387567793074677,1
1,0.005519492099725363,0,0.0014443234853465836,0.000821773716389455,0.00009798157946306096,0.00010429703796412183,1
1,0.017708742019474265,0.14480617621829173,0.20971792577901852,0.0034185786601801326,0.28350970017636684,0.04484772632457239,2
1,0.03412454970217926,0.071293383984859,0.1600827791370706,0.004799158503714418,0.1638986870468352,0.06631205673758866,2
1,0.15845133216820628,0.017850577999264733,0.026633756211129917,0.05510814542107685,0.01979227905153831,0.008656654151022111,1
1,0.025484181617148768,0.08870824993532399,0.10363559934035375,0.014874104266649136,0.09800607485792671,0.03502294534835211,2
1,0.0031387095623640186,0.10414879566466512,0.15821809284628735,0.006130431924265335,0.19777581814618853,0.006257822277847309,2
1,0.015354709847701252,0.04896314148387185,0.13817002058699893,0.01313194398790349,0.10829414070154811,0.04493116395494368,2
1,0.11084459820950886,0.006603760739621203,0.003017989372365996,0.01753665110775097,0,0.04651647893199834,1
1,0.13530334914577166,0.02680990700270958,0.04103387693070481,0.04338965222536322,0.005609445424260239,0.012661660408844389,1
1,0.04929200699076221,0.2133763598981523,0.28958685881199003,0.03849188087568207,0.33615030374289634,0.009240717563621194,2
1,0.046554552912223136,0.10277357951064091,0.09249059572954504,0.04133521793438959,0.08992259455222419,0.004901960784313725,2
1,0.1392089025216678,0.17153438721185135,0.21400778210116733,0.07231608704227205,0.174039780521262,0.04956195244055069,2
1,0.04297000392338695,0.09076426616559781,0.09880681634456816,0.01590953914929985,0.12174211248285323,0.07580308719232375,2
1,0.026063772871562578,0.042754244788475414,0.03519191178848206,0.006245480244559859,0.0410787771898883,0.014392991239048811,1
1,0.051770874201947426,0.009258881036994676,0.008622826778188559,0.022483728880415492,0.0018616500097981578,0.00888610763454318,1
1,0.048248742732817346,0.009013793009544817,0.02319540403332723,0.039017816054171324,0.0016166960611405056,0.0155819774718398,1
1,0.0022916146520669113,0.11736993314543251,0.14472336893842225,0.01793110249161791,0.17176170879874583,0.006675010429703796,2
1,0.0017566073403003175,0.3513881513554729,0.21355508369531243,0.010288606929195976,0.21482461297276112,0.1303087192323738,2
1,0.00848878268002996,0.07385319227155754,0.07041615917738232,0.005062126092959043,0.06949343523417598,0.014685022945348352,1
1,0.004556478938545494,0.10378116362349032,0.21343651982711234,0.014989152586943659,0.24086321771506958,0.014872757613683773,2
1,0.0025234511538324354,0.01569924975831597,0.056457958330189593,0.04092433107619486,0.003674309229864786,0.03001668752607426,1
1,0.02086528515889717,0.106068651879689,0.1279519708548455,0.0004437578068503057,0.10270919067215364,0.035335836462244474,2
1,0.4069354781182009,0.09399125852702095,0.07041615917738232,0.12068568798895536,0.03745345874975505,0.004735085523571131,1
1,0.11374255448157791,0.09905641109431804,0.04882675663149272,0.02838406416409178,0.00041642171271800895,0.054818523153942436,1
1,0.09807575703534614,0.09558433070544503,0.05326751242225983,0.018522779567418317,0.002865961199294533,0.008176887776387151,1
1,0.028123551021863966,0.06580613537028716,0.026913998081421045,0.07317073170731708,0.006613756613756613,0.04509803921568628,1
1,0.11014908870421229,0.08143730512097817,0.09575649137178396,0.006196173821576491,0.033779149519890264,0.058218606591572804,1
1,1,0.40265239709706846,0.19557648986278928,0.2748011307606337,0.12112972761120909,0.17828535669586984,1
1,0.006161500873845276,0.11543646092888361,0.11333627946581588,0.006870028269015845,0.1691162061532432,0.003191489361702128,1
1,0.3285301565788065,0.5976743869395313,0.21737068454466085,0.6000427322332523,0.005780913188320596,1,1
1,0.002889039483539608,0.011750609316068243,0.05073455705616694,0.0008053382420616659,0.008107975700568294,0.00016687526074259492,1
1,0.0728234119199629,0.08704709774927495,0.012244414025027755,0.0354348826507133,0.001347246717617088,0.005089695452649145,1
1,0.026803866319506365,0.006345056710646352,0.00917253198529808,0.05662020905923345,0.02317264354301391,0.01510221109720484,1
1,0.02171238006919428,0.10820636411911277,0.10580208456837363,0.10262310170271514,0.08465608465608467,0,1
1,0.07166422941113529,0.10326375556554063,0.12593638509544391,0.04491815133784761,0.16745051930237115,0.00836462244472257,2
1,0.007409851267967329,0.15688356957095978,0.12415792707244253,0.004108868581947276,0.09856946893983931,0.03865248226950355,2
1,0.1509879801690623,0.08435112944732649,0.021319939209071215,0.12009401091315496,0.0028169704095630022,0.0012724238631622862,1
1,0.12145557655954631,0.003267840365998121,0.014852819125429795,0.01421668529353757,0.0009798157946306093,0.0016896120150187734,1
1,0.049095837643114454,0.01914409814413899,0.024230143246709857,0.00857931759910591,0.004507152655300804,0.008468919482686691,1
1,0.0015782715697114527,0.04670288523072315,0.2186856656283346,0.015350733022155017,0.1375416421712718,0.013829787234042554,2
1,0.06334486571316475,0.013030513459417506,0.032023022947497766,0.012836105450003287,0.008622378992749364,0.02375886524822695,1
1,0.15176374077112387,0.0692237517530602,0.0563393944619895,0.1292321346394057,0.008009994121105233,0.03654568210262829,1
0,0.2730409815600813,0.09740887490979398,0.052750142815568515,0.3071132732890671,0.01861650009798158,0.0599290780141844,1
0,0.0216142953953704,0.09588388273899487,0.11196740571477845,0.01811189270922359,0.10559964726631393,0.030559032123487696,2
0,0.10417484038948532,0.028579987200958563,0.07352037681753021,0.05755703109591743,0.014427787575935725,0.014476428869420108,1
0,0.08619859471412776,0.03029560339310758,0.022731927093999592,0.008135559792255604,0.00977366255144033,0.007175636211931581,1
0,0.027321040054214075,0.17952698010702176,0.24924280802354032,0.06436131746762212,0.2438761512835587,0.015185648727576138,2
0,0.039956129400435136,0.19530792587448767,0.2662836694439355,0.05791861153112879,0.34861845972957084,0.035002085940759285,2
0,0.22470307094196953,0.1556581294337105,0.10225594705584358,0.08283479061205708,0.006883205957280031,0.14290780141843973,1
0,0.005171737347077077,0.008578080960745067,0.023852894575164107,0.007297350601538361,0.023295120517342737,0.0003128911138923655,1
0,0.017414487998002638,0.011382977274893454,0.05629628032809856,0.0223193741371376,0.00004899078973153046,0.027638715060492283,1
0,0.009844134536505332,0.15870811377530872,0.2542979402222534,0.015284991124843864,0.22687634724671762,0.014747601168126826,2
0,0.05679994293255341,0.009871601105619323,0.010207271198680708,0.014019459601604101,0.006981187536743092,0.0058823529411764705,1
0,0.02263080928772693,0.06375011914001334,0.06559815471506947,0.04800802051147196,0.1301440329218107,0.0024405506883604508,2
0,0.013678353604165923,0.050283893631796084,0.06289274281341281,0.03014265991716521,0.08274544385655497,0.016750104297037965,1
0,0.049461425972821625,0.17256920332775075,0.18069133513694127,0.013789362961015055,0.30415931804820695,0.016562369628702545,2
0,0.16553126226058423,0.025053442805985593,0.014982161527102623,0.029189402406153444,0.005903390162649421,0.0437421777221527,1
0,0.10803580982273424,0.3849379791130536,0.42781077206635265,0.07742751955821446,0.47538212815990594,0.059803921568627454,2
0,0.06498555480258231,0.013030513459417506,0.022193000420362808,0.020807310498981,0.005805408583186361,0.036962870254484775,1
0,0.029550237186574884,0.08914396198412373,0.07391918255602142,0.02143185852343699,0.0969527728786988,0.02528160200250313,1
0,0.02103470414095659,0.08844954590634914,0.12245491878375028,0.01459470120307672,0.14584558103076622,0.0164372131831456,2
0,0.02499375824802939,0.14582737633266613,0.1674445174989491,0.022171454868187498,0.1426856750930825,0.049749687108886116,1
0,0.022550558190961943,0.22526312922947045,0.39323323668581656,0.0025310630464795212,0.32591122868900646,0.013996662494785149,2
0,0.16086778185968542,0.01933472216548888,0.022020543884799036,0.04120373413976727,0.0031109151479521853,0.024092615769712142,1
0,0.00013375182794164852,0.10142559535966668,0.1638552658525281,0.02070869765301427,0.11743092298647854,0.13285356695869838,2
0,0.03702250597424831,0.004248192475797557,0.014949825926684415,0.03748931694168694,0.0020331177738585147,0.0026491447642886944,1
0,0.13154046438634662,0.011491905287093393,0.01486359765890253,0.028597725330353034,0.0012982559278855576,0.015561118064246976,1
0,0.04808824053928737,0.10141197935814168,0.11471593175032606,0.0010847413056340805,0.10199882422104645,0.00492282019190655,1
0,0.04492278061133502,0.0144329616164917,0.030751155997714955,0.12278942870291237,0.0061973349010386045,0.007759699624530663,1
0,0.0248510896315583,0.03365875576978065,0.05671664313353525,0.0918249950693577,0.019228884969625708,0.028306216103462664,2
0,0.06483396939758176,0.008224064921095271,0.01612468607521261,0.012474525014791927,0.0016411914560062707,0.013683771380892783,1
0,0.1130381281877519,0.04340781286167504,0.044774028045744096,0.010436526198146077,0.018567509308250046,0.016332916145181477,1
0,0.185281948853301,0.07987146494560407,0.09925951475042306,0.028499112484386302,0.06283068783068783,0.032332081768877766,2
0,0.036014908870421226,0.029260787277208173,0.016814512217467693,0.03716060745513115,0.006368802665098961,0.014309553608677514,1
0,0.016638727395941078,0.007107552796045913,0.006132985545986613,0.015202813753204918,0.11657358416617676,0.004171881518564873,1
0,0.07715697114527231,0.036640660103753935,0.02692477661489378,0.11208993491552167,0.01692631785224378,0.020379641218189404,1
0,0.09869993223240718,0.08079735304930354,0.06048912984899275,0.13634869502333838,0.023319615912208505,0.0445139758030872,2
0,0.020874201947426615,0.1446427841999918,0.04122789053321405,0.023239760699493787,0.038286302175191064,0.010158531497705466,1
0,0.23147091343581694,0.023487602630611493,0.04133567586794141,0.010074945762934717,0.006883205957280031,0.017334167709637048,1
0,0.00856903377679495,0.0671132715166864,0.035709281395173376,0.014989152586943659,0.009945130315500686,0.00008343763037129746,1
0,0.13910190105931447,0.03605517203817927,0.04128178320057773,0.06960423377818685,0.007887517146776407,0.05340008343763038,1
0,0.01636230695152834,0.08612120964557547,0.03040624292658741,0.019607520873052398,0.02971291397217323,0.0060909470171047145,1
0,0.076969718586154,0.01041624116661901,0.03280985589100747,0.03758792978765367,0.010092102684695278,0.004630788485607009,1
0,0.16664586082676464,0.05150933376904538,0.006359334748914063,0.07575110117677997,0.000612384871644131,0.02528160200250313,1
0,0.06562756357670221,0.005718720640496711,0.006273106481132178,0.017865360594306753,0.0016901822457378011,0.00444305381727159,1
0,0.42345828726325924,0.03420339583078033,0.04069974239305,0.08576030504240353,0.020208700764256318,0.046933667083854824,1
0,0.1969986089809894,0.04792832536797244,0.07585931858111386,0.18731510091381237,0.008328434254360181,0.0534209428452232,1
0,0.2222598708849021,0.023773538662636328,0.02664453474460265,0.036010124252185916,0.010018616500097981,0.021777221526908638,1
0,0.16249063737204408,0.008224064921095271,0.03137631093913362,0.061255012819669975,0.014280815206741133,0.011994159365874009,1
0,0.09993044904947034,0.047941941369497434,0.05514297724651584,0.008809414239694958,0.04112776797961983,0.04995828118481436,1
0,0.05527517209401862,0.10511553177293956,0.11655906097416387,0.01903227927157978,0.07691553987850284,0.04103045473508553,1
0,0.027276456111566857,0.08304399330092725,0.1499617362061718,0.0033692722371967657,0.21874387615128357,0.05801001251564456,2
0,0.07919891571851481,0.032310771618806425,0.019121118380633132,0.028794951022286505,0.010459533607681756,0.012661660408844389,1
0,0.12096515319042693,0.003962256443772722,0.005238367267749551,0.033725593320623234,0.0010043111894963747,0.013683771380892783,1
0,0.1397082426793166,0.0711299919665591,0.02590081593498389,0.00877654329103938,0.013692925729962767,0.011869002920317064,1
0,0.07166422941113529,0.05092384570347072,0.022279228688144692,0.10379002037998818,0.02241328630217519,0.006007509386733416,1
0,0.028426721831865034,0.026387810955434823,0.01935824611703332,0.02802248372888042,0.005658436213991769,0.014747601168126826,1
0,0.05466883047401648,0.31423008319376927,0.361975489614883,0.11046282295707055,0.4553938859494415,0.1067584480600751,2
0,0.05902914006491422,0.024576882752610867,0.05105791306034901,0.12586286240220892,0.004948069762884578,0.03525239883187318,1
0,0.2632503477547526,0.1076481080565881,0.1828362632980157,0.0066892380514101644,0.008818342151675486,0.028952857738840217,1
0,0.09252059778150301,0.2439578993232847,0.051144141328130895,0.076605745841825,0.037820889672741526,0.06804338756779309,1
0,0.2818686022042301,0.005909344661846602,0.016081571941321666,0.05287292091249753,0.002645502645502646,0.012765957446808512,1
0,0.09887826800299604,0.06744005555328622,0.05654418659797148,0.007034383012293735,0.009528708602782678,0.007717980809345015,1
0,0.07554303242144308,0.025543618860885308,0.02026364292874312,0.08183222667806193,0.0879384675680972,0.020525657071339173,1
0,0.5000535007311767,0.06138093487466471,0.02286126949567242,0.10513772927486688,0.017808152067411327,0.06921151439299125,1
0,0.474390983343439,0.0667728714785616,0.07903898595557089,0.04909276181710604,0.023613560650597686,0.017000417188151856,1
0,0.08194528658558334,0.06576528736571219,0.0232169611002727,0.004963513246992309,0.01903292181069959,0.011368377138089279,1
0,0.07004137389877661,0.01436488160886674,0.011759380018754649,0.11164617710867136,0.001126788163825201,0.005924071756362119,1
0,0.207351000463673,0.017932274008414687,0.018043265033359564,0.01572874893169417,0.010435038212815991,0.013600333750521486,1
0,0.019171095338302958,0.0144329616164917,0.07201138213134721,0.07065610413516535,0.0708161865569273,0.00851063829787234,1
0,0.009540963726504263,0.13104039867652464,0.16644211388598468,0.0005916770758004075,0.1464089751126788,0.02632457238214435,2
0,0.05266255305489175,0.3195947877946162,0.14762279444258816,0.16649135494050357,0.02025769155398785,0.07578222778473093,1
0,0.005073652673253201,0.13218414280462398,0.2390570938918051,0.03609230162382486,0.1195130315500686,0.05340008343763038,2
0,0.18627171238006918,0.015889873779665862,0.027733166625348957,0.06492012359476695,0.017979619831471682,0.07561535252398832,1
0,0.10615436744302172,0.10890078019688738,0.21388921823296722,0.01715863519821182,0.1560601606897903,0.014497288277012934,2
0,0.13566893747547884,0.00276404830957341,0.012233635491555019,0.040940766550522645,0.008083480305702528,0.004192740926157697,1
0,0.04206049149338374,0.01330283348991735,0.0104767345354991,0.08998422194464532,0.004752106603958455,0.0011055486024196912,1
0,0.01854692014124193,0.06742643955176122,0.016814512217467693,0.017996844388929067,0.0035273368606701942,0.032269503546099296,1
0,0.004556478938545494,0.11257710060863527,0.07400541082380331,0.008283479061205705,0.0022045855379188716,0.021631205673758865,1
1,0.3282626529229232,0.04071184455972659,0.016060014874376194,0.07851226086384853,0.005070546737213404,0.03798498122653317,1
1,0.007944858579733923,0.022439170513187095,0.01981094452288822,0.011817106041680363,0.018518518518518517,0.023988318731748018,1
1,0.0060366658344330705,0.021172882371362823,0.002371277364001854,0.013756492012359477,0.002278071722516167,0.00784313725490196,1
1,0.24876056639440738,0.05029750963332108,0.07502937150371321,0.07320360265597266,0.014697236919459143,0.05214851898206092,1
1,0.08076827049969683,0.01053878518034394,0.007329402761460276,0.27766090329366905,0.015138154027042917,0.0028368794326241137,1
1,0.10423725790919143,0.03079939544953229,0.02737747502074868,0.09565446058773257,0.006638252008622379,0.029328327075511057,1
1,0.15476869850554623,0.08367032937107689,0.10445476788428167,0.02084018144763658,0.08859984322947287,0.03583646224447226,2
1,0.029987159824517603,0.03851966831420285,0.02617027927180228,0.015646571560055226,0.004017244757985499,0.022966207759699625,1
1,0.10909690765773798,0.09603365875576977,0.06717182060208889,0.01755308658207876,0.056951793062904175,0.04330413016270338,2
1,0.4374576452544851,0.053238565962719385,0.045797988725653986,0.09770889487870621,0.025426219870664315,0.029224030037546936,1
1,0.22973213967257552,0.04844573342592214,0.02166485228019876,0.16892380514101638,0.0076180678032529885,0.028806841885690448,1
1,0.6147947355280522,0.059311302642865896,0.13587419295730624,0.1424462559989481,0.018322555359592395,0.05012515644555695,1
1,0.35890965509861966,0.00796536089212042,0.03877038490143031,0.016714877391361516,0.010606505976876348,0.0003128911138923655,1
1,0.06371937083140136,0.029846275342782835,0.013354602972719532,0.026198146078495826,0.029957867920830883,0.0026074259491030457,1
1,0.1368816207154831,0.02787195512165897,0.030449357060478355,0.13708829136808887,0.009381736233588086,0.02136003337505215,1
1,0.14496023112315867,0.007339024821970779,0.01393664378024726,0.013526395371770429,0.010826964530668235,0.005319148936170213,1
1,0.38148696365516993,0.003145296352273191,0.005044353665240308,0.022401551508776544,0.0007103664511071919,0.0003963287442636629,1
1,0.024119912972143952,0.028661683210108518,0.028444549834549512,0.0078397212543554,0.023564569860866157,0.03168544013350021,1
1,0.053670150158718836,0.04491918903094917,0.03511646205417291,0.04079284728157254,0.005119537526944934,0.01424697538589904,1
1,0.025279095480971573,0.04127010062225127,0.04662793580305464,0.06266846361185985,0.020135214579659024,0.022048393825615353,1
0.5,0.03560473659806684,0.15042958484811347,0.13436519827112323,0.01441391098547104,0.1457231040564374,0.015394242803504382,2
0.5,0.1896600920212576,0.026660130985934668,0.07056705864600063,0.014528959305765565,0.01979227905153831,0.0386107634543179,1
0.5,0.06763384099582694,0.025080674809035575,0.05638250859588045,0.006442705936493327,0.05401234567901235,0.005235711305798915,2
0.5,0.17016799229589472,0.01700638590471522,0.039233861840757944,0.04963513246992308,0.01731824417009602,0.018669169795577808,1
0.5,0.07211006883760744,0.042808708794575386,0.07526649924011339,0.023502728288738416,0.09085341955712327,0.011013767209011264,2
0.5,0.06023290651638906,0.06134008687008973,0.10737575045539305,0.014939846163960291,0.11108661571624535,0.021568627450980392,2
0.5,0.003932303741484467,0.01121958525659355,0.022171443353417336,0.003928078364341596,0.007030178326474622,0.005340008343763037,1
0.5,0.14663658736669402,0.08425581743665154,0.06851913728618085,0.01313194398790349,0.06513325494806976,0.04176053400083438,2
0.5,0.047080643435460284,0.18056179622292115,0.21983896870991734,0.029320886200775755,0.21431020968058007,0.003525239883187318,2
0.5,0.025707101330384848,0.07144316000163392,0.10543561443030061,0.005571625797120505,0.15267979619831473,0.01151439299123905,2
0.5,0.02314798302243464,0.049466933540296555,0.1490240037940438,0.0076753665110775105,0.24657064471879286,0.0011681268251981644,2
0.5,0.0014088525876520314,0.10082649129256702,0.2669842741196633,0.009729800802051146,0.2885557515187145,0.05020859407592825,2
0.5,0.0021400292470663764,0.1754285636479991,0.0953792427002382,0.012721057129708764,0.09567901234567902,0.0043387567793074676,2
0.5,0.05764703784285052,0.17444821153819967,0.23246063140649084,0.02983038590493722,0.18506270821085635,0.03212348769294952,2
0.5,0.1544744444840746,0.03157550753645685,0.030600256529096655,0.01847347314443495,0.008524397413286302,0.019232373800584065,1
0.5,0.06227485108963156,0.013139441471617445,0.032378714552098044,0.006426270462165539,0.00622183029590437,0.01362119315811431,1
0.5,0.00815886150444056,0.2804896314148387,0.14620002802418702,0.023667083032016305,0.16762198706643153,0.016750104297037965,2
0.5,0.0626939401505154,0.019566194191413748,0.025890037401511152,0.20616658996778647,0.007250636880266509,0.02323738005840634,1
0.5,0.26422227770446194,0.03104448347698215,0.08921392155383338,0.04965156794425087,0.009014305310601607,0.002377972465581978,1
0.5,0.019028426721831866,0.05013411761502117,0.20661370813887064,0.02052790743540859,0.41928767391730354,0.002899457655402587,2
0.5,0.08721510860648429,0.011845921326743189,0.025890037401511152,0.0726776674774834,0.004409171075837742,0.006132665832290363,1
0.5,0.0946427934515105,0.023691842653486374,0.08239110986559169,0.023962921569916508,0.02091906721536351,0.025657071339173967,1
0.5,0.013161179869458216,0.20324605476355811,0.12849089752848228,0.010469397146801656,0.09523809523809525,0.0731122236128494,2
0.5,0.06352320148375361,0.017973122012989663,0.02369121657307307,0.04361974886595227,0.001959631589261219,0.022027534418022528,1
0.5,0.010512893676213575,0.041297332625301254,0.06586761805188786,0.015663007034383013,0.020037233000195963,0.034084272006675013,1
0.5,0.10519135428184186,0.03619133205342919,0.03831768649557541,0.034448754191045955,0.01722026259063296,0.0010012515644555694,1
0.5,0.08699218889324821,0.3406178941492041,0.19015488752600324,0.018128328183551378,0.3038653733098178,0.03383395911556112,2
0.5,0.01579163248564397,0.04957586155249649,0.02454272071741919,0.00803694694628887,0.006662747403488144,0.017334167709637048,1
0.5,0.08160644862146449,0.025080674809035575,0.05566034685320716,0.04419499046742489,0.005511463844797178,0.023153942428035045,1
0.5,0.1415807682704997,0.008959329003444849,0.035698502861700634,0.06044967457760831,0.035934744268077606,0.004714226115978306,1
0.5,0.1191015443877733,0.01210462535571804,0.12492320294900676,0.014627572151732299,0.04105428179502254,0.011889862327909888,1
0.5,0.2316046652637586,0.04809171738627235,0.02652597087640256,0.03852475182433765,0.0033558690966098374,0.02271589486858573,1
0.5,0.29170381995220596,0.227782089511594,0.14683596149907843,1,0.031084656084656083,0.1169378389653734,1
0.5,0.03933195420337411,0.021172882371362823,0.015391745799066579,0.05708040234041154,0.00940623162845385,0.017334167709637048,1
0.5,0.004806149017369904,0.011491905287093393,0.017903144098214,0.00639339951350996,0.0020821085635900453,0.010826032540675845,1
0.5,0.15096122980347398,0.029328867284833134,0.03649611433868308,0.12859115114062192,0.005070546737213404,0.03193575302461411,1
0.5,0.04556478938545493,0.019484498182263794,0.049365683305129505,0.08385379002038,0.011978248089359201,0.015352523988318732,1
0.5,0.08726860933766095,0.023569298639761444,0.05503519191178848,0.05826375649201236,0.004384675680971977,0.02169378389653734,1
0.5,0.1000463673003531,0.2018708386095339,0.28925272427433524,0.019870488462297022,0.23522927689594356,0.022924488944513977,2
0.5,0.19900488640011413,0.04304018082050025,0.01556420233463035,0.0358786404575636,0.0042866941015089165,0.05421360033375053,1
0.5,0.07634554338909298,0.06705880751058645,0.725341410047749,0.0017421602787456446,0.9332500489907897,0.02528160200250313,2
0.5,0.14998038306523523,0.011886769331318164,0.02953318171529582,0.18956676089671948,0.008058984910836764,0.07265331664580726,2
0.5,0.24145771658879336,0.09207140231199705,0.1162680405704,0.022023535599237396,0.1006270821085636,0.04455569461827285,2
0.5,0.12454078539073367,0.019824898220388597,0.014303113918320273,0.010272171454868187,0.003502841465804429,0.016166040884438883,1
0.5,0.08335413917323536,0.01759187397028988,0.028110415296894706,0.1338669383998422,0.01075347834607094,0.018043387567793074,1
0.5,0,0.0037852484239478236,0.07564374791165915,0.255998948129643,0.00029394473838918284,0.011410095953274928,1
0.5,0.023308485215964618,0.015426929727816127,0.057438804876208546,0.157106699099336,0.013962375073486185,0.040446391322486445,1
1,0.0033705460641295427,0.05405552605421892,0.10419608308093602,0.005966077180987444,0.17803252988438173,0.028535669586983732,2
1,0.020660199022719976,0.07772013670465532,0.12109682356618559,0.012195121951219513,0.12637174211248287,0.04495202336253651,2
1,0.002247030709419695,0.07765205669703035,0.06380891815859534,0.005325093682203669,0.11248285322359397,0.027638715060492283,1
1,0.015033705460641296,0.0940729545361709,0.28361555126809446,0.023519163763066203,0.37884577699392513,0.0007092198581560284,2
1,0.027107037129507437,0.015209073703416254,0.018970218912014832,0.03630596279008612,0.00524201450127376,0.00784313725490196,1
1,0.010655562292684667,0.03467995588415506,0.08980674089483386,0.006196173821576491,0.09406231628453851,0.006257822277847309,1
1,0.024681670649498878,0.0937325544980461,0.1674768530993673,0.043849845506541314,0.16159611992945327,0.023195661243220693,2
1,0.24411491957056747,0.09706847487166918,0.13266218998243098,0.045756360528564854,0.11311973349010386,0.02125573633708803,2
1,0.03054000071334308,0.0316572035456068,0.021826530282289792,0.021629084215370457,0.028929061336468744,0.013808927826449728,1
1,0.053304561829011665,0.19860299824353578,0.2211539497935911,0.032542239169022415,0.29921124828532236,0.009219858156028368,2
1,0.0313692620465813,0.014215105592091826,0.021492395744634987,0.0291072250345145,0.00416421712718009,0.020692532332081768,1
1,0.010762563755037986,0.13601023923314678,0.2402642896407515,0.0282032739464861,0.30949931412894377,0.06537338339591156,2
1,0.005394657060313158,0.014310417602766771,0.01649115621328562,0.013230556833870226,0.0021310993533215756,0.004005006257822278,1
1,0.0010165138923565289,0.08454175346867639,0.22850490962199685,0.003336401288541187,0.2125955320399765,0.023112223612849397,2
1,0.12515604379926526,0.09991421919039255,0.027431367688112357,0.10454605219906647,0.032578875171467764,0.04876929495202337,1
1,0.0016674394550058851,0.009149953024794738,0.021654073746726024,0.003615804352113602,0.004433666470703508,0.0025865665415102214,1
1,0.2022595142133609,0.0010756641204743814,0.0023173846966381756,0.05147590559463546,0.0001469723691945914,0.011368377138089279,1
1,0.00030317081000107003,0.016611521860490447,0.2400271619043513,0.0018407731247123793,0.16519694297472076,0.002231956612432207,2
1,0.006741092128259086,0.2533801723785793,0.017860029964323055,0.10007560318190784,0.013056045463452872,0.08546099290780143,1
1,0.007071013303848486,0.0792859768800294,0.022699591493581386,0.005177174413253567,0.005609445424260239,0.016124322069253235,1
1,0.17604415593679779,0.03835627629590294,0.02158940254588961,0.04233778186838472,0.011390358612580835,0.010429703796412183,1
1,0.04218532653279595,0.007516032841795679,0.009280317320025436,0.01941029518111893,0.003821281599059377,0.008385481852315394,1
1,0.018885758105360775,0.021050338357637893,0.026407407008202467,0.008792978765367169,0.004311189496374681,0.014789319983312474,1
1,0.04123123016014552,0.012826273436542624,0.04780279595158283,0.0027282887384129906,0.0326278659611993,0.006487275761368377,1
1,0.023290651638905733,0.011137889247443595,0.016394149412031,0.017717441325356652,0.012517146776406037,0.00969962453066333,1
1,0.04181082141455933,0.08268997726127746,0.08646539551828579,0.026198146078495826,0.11052322163433274,0.06470588235294118,2
1,0.08522666476441844,0.02943779529703307,0.017903144098214,0.01886792452830189,0.005364491475602587,0.009261576971214018,1
1,0.0309769233512858,0.011423825279468431,0.005723401274022657,0.023535599237393994,0.006099353321575543,0.00707133917396746,1
1,0.19912972143952634,0.015535857740016068,0.02590081593498389,0.03321609361646177,0.0024005486968449933,0.011576971214017523,1
1,0.055355423190783605,0.003839712430047792,0.007329402761460276,0.017487344684767606,0.000930825004899079,0.006111806424697538,1
1,0.3537825016941898,0.05295262993069455,0.05337529775698718,0.022007100124909605,0.012737605330197924,0.046558197747183984,2
1,0.1792452830188679,0.024944514793785653,0.020867240803216315,0.13376832555387547,0.01746521653929061,0.016416353775552776,1
1,0.0346060562827692,0.05100554171262067,0.017655237828341077,0.013986588652948525,0.009651185577111504,0.10066750104297038,1
1,0.1344027535042979,0.08444644145800144,0.0797072550308805,0.02430806653080008,0.0468596903782089,0.06487275761368377,2
1,0.056487855334022896,0.029968819356507765,0.017946258232104943,0.024110840838866613,0.0075445816186556925,0.01424697538589904,1
1,0.05205621143488961,0.018994322127364075,0.012492320294900676,0.009401091315495365,0.011586321771506957,0.0013975803087192323,1
1,0.027936298462745656,0.11675721307680786,0.146404820160169,0.0923016238248636,0.1142220262590633,0.02968293700458907,2
1,0.3458822270571031,0.042195988725950734,0.028509221035385928,0.016583393596739205,0.002278071722516167,0.025844806007509387,1
1,0.028729892641866105,0.04410222893944964,0.020468435064725097,0.004223916902241799,0.0015922006662747402,0.023174801835627867,1
1,0.036068409601597885,0.069564151791185,0.11196740571477845,0.0017257248044178553,0.01984126984126984,0.0036712557363370885,2
1,0.25193494311088915,0.01210462535571804,0.023098397232072607,0.06337518900795477,0.014623750734861846,0.005569461827284105,1
1,0.15842458180261795,0.06176218291736449,0.01739655302499542,0.16274406679376766,0.005952380952380952,0.01103462661660409,1
1,0.3071922816278489,0.10048609125444222,0.09125106438018044,0.04133521793438959,0.04183813443072702,0.060283687943262415,1
1,0.016210721546527803,0.01782334599621475,0.037153604880519955,0.06542962329892842,0.009651185577111504,0.007467667918231122,1
1,0.09523130149445376,0.29686968124940427,0.1659570798797116,0.05933206232331865,0.0068342151675485005,0.10673758865248228,1
1,0.10372008417448371,0.011805073322168212,0.017364217424577215,0.04204194333048451,0.004629629629629629,0.022215269086357948,1
1,0.010726896600920213,0.04854104543659709,0.03076193453118769,0.03155611070935507,0.008573388203017833,0.02010846891948269,1
1,0.18649463209330527,0.025339378838010428,0.01692229755219505,0.03180264282427191,0.005584950029394474,0.019983312473925742,1
1,0.08722402539501373,0.010797489209318792,0.012600105629628032,0.027151403589507597,0.004825592788555751,0.00840634125990822,1
1,0.08365730998323644,0.02008360224936345,0.015294738997811958,0.04920781013740056,0.0054869684499314125,0.014205256570713393,1
1,0.029862324785105396,0.015331617717141184,0.014281556851374801,0.09001709289330091,0.0075445816186556925,0.020796829370045893,1
1,0.023575988871847916,0.03684490012662881,0.02489841232201947,0.014496088357109986,0.002253576327650402,0.038047559449311645,1
1,0.004592146092663267,0.05616600629059271,0.03877038490143031,0.01042009072381829,0.002914951989026063,0.01357947434292866,1
1,0.2106947961622142,0.09088681017932274,0.04137879000183235,0.1412629018473473,0.00935724083872232,0.01702127659574468,1
1,0.1103363412633306,0.011028961235243658,0.034502085646226976,0.022565906252054437,0.0035763276504017245,0.009365874009178139,1
1,0.08559225309412562,0.017169777923015123,0.013580952175646982,0.04759713365327723,0.020527140897511266,0.0059866499791405925,1
1,0.04023254984484788,0.16252059420230652,0.10069305970229692,0.04304450726447965,0.08267195767195767,0.04609929078014185,2
1,0.10282840532153939,0.021935378456762383,0.015359410198648372,0.11197488659522714,0.0014942190868116793,0.01543596161869003,1
1,0.10199914398830118,0.01330283348991735,0.00624077088071397,0.08817631976858853,0.0017391730354693318,0.005089695452649145,1
1,0.08568142097942005,0.007107552796045913,0.010045593196589672,0.025902307540595623,0.011414854007446601,0.007759699624530663,1
1,0.039617291436316295,0.011587217297768336,0.01331148883882859,0.05836236933797909,0.003674309229864786,0.021088861076345434,1
1,0.24221564361379605,0.0373895401876285,0.022904383629563364,0.21691539017816053,0.0021800901430531062,0.03961201501877347,1
1,0.2366159004173057,0.06396797516441322,0.05484117830927924,0.0032049174939188744,0.0001714677640603566,0.007029620358781811,1
1,0.22829653671933517,0.14910883270018924,0.04959203250805695,0.001676418381434488,0.015407603370566333,0.005944931163954944,1
1,0.16112636872703925,0.06206173495091431,0.03708893367968354,0.07065610413516535,0.02231530472271213,0.014851898206090947,1
1,0.0613564218710989,0.01349345751126724,0.012546212962264354,0.03359410952600092,0.01445228297080149,0.007822277847309137,1
1,0.22348147091343581,0.0674672875563362,0.05414057363355142,0.16075537440010518,0.02667548500881834,0.019962453066332916,1
1,0.06561864678817277,0.17413504350312486,0.20134300527070287,0.04649595687331536,0.19302371154223005,0.0114726741760534,2
1,0.07359917252202447,0.05208120583309505,0.06902572835939942,0.02664190388534613,0.0667989417989418,0.007113057989153108,2
1,0.07762064414880336,0.04873166945794698,0.06571671858326956,0.038196042337781864,0.0519302371154223,0.10709219858156029,1
1,0.05911830795020865,0.027790259112509017,0.04915011263567479,0.022417986983104335,0.045487948265726046,0.03940342094284523,1
1,0.01893034204800799,0.04403414893182468,0.03533203272362762,0.024817566234961543,0.005682931608857534,0.09098873591989988,1
1,0.0008381781217676642,0.048336805413722206,0.13362147946150446,0.0011997896259286042,0.07267783656672545,0.0012307050479766375,1
1,0.04440560687662731,0.06541127132606239,0.07146167692423769,0.2932252974820853,0.0222663139329806,0.05073007926574886,1
1,0.05319756036665834,0.026346962950859847,0.03679791327591968,0.09292617184931957,0.027728786988046247,0.0059866499791405925,1
1,0.06989870528230552,0.0815734651362281,0.0921456826584175,0.027381500230096643,0.08664021164021164,0.03902795160617439,2
1,0.03910903449013803,0.14821017659953975,0.11753990752018281,0.013526395371770429,0.1647315304722712,0.02065081351689612,2
1,0.045136783536041655,0.07412551230205737,0.11912435194067496,0.005571625797120505,0.08529296492259456,0.022110972048393827,1
1,0.005858330063844206,0.11490543686940892,0.200685514728866,0.0017750312274012227,0.1650254752106604,0.016124322069253235,2
1,0.07898491279380818,0.05076045368517081,0.023928344309473257,0.009992768391295773,0.03862923770331178,0.03166458072590739,1
1,0.03970645932161073,0.0709529839467342,0.1425353266434569,0,0.1669361160101901,0.028994576554025868,1
1,0.1521204123123016,0.06524787930776248,0.09754572792825808,0.016534087173755836,0.08357828728199099,0.0371506049228202,2
1,0.2353764668117131,0.01800035401603965,0.04493570604783513,0.013230556833870226,0.023148148148148147,0.025344180225281603,1
1,0.1565966401540821,0.04943970153724657,0.05016329478211195,0.01699428045493393,0.04409171075837743,0.013871506049228202,2
1,0.15138031886435782,0.03851966831420285,0.1318106858380849,0.013953717704292946,0.07863021751910641,0.005131414267834793,2
1,0.10022470307094197,0.03203845158830658,0.027916401694385466,0.25184077312471237,0.00257201646090535,0.03927826449728828,1
1,0.11708635018011912,0.12651988617022722,0.15427314959526608,0.05121293800539083,0.12433862433862435,0.03944513975803088,1
1,0.2765006955095053,0.22646133736366977,0.058484322623063904,0.24746893695352049,0.010679992161473643,0.024196912807676264,1
1,0.02714270428362521,0.08053864902032869,0.05289026375071408,0.03571428571428571,0.020747599451303153,0.00654985398414685,1
1,0.0767200485073296,0.023079122584861726,0.0385548142319756,0.0003615804352113602,0.0019841269841269845,0.052106800166875265,1
1,0.02758854371009737,0.05684680636684231,0.17763023163068434,0.009039510880284004,0.005829903978052126,0.04332498957029621,1
1,0.0760602061561508,0.07422082431273232,0.055584897118898004,0.22123791992636907,0.033656672545561435,0.031184814351272426,1
1,0.18826907301066448,0.015072913688166331,0.05120881252896731,0.004010255735980541,0.03245639819713894,0.008176887776387151,1
1,0.017646324499768162,0.043067412823550234,0.016060014874376194,0.024916179080928278,0.00864687438761513,0.03016270337922403,1
1,0.14916003852052645,0.052653077897144726,0.08613126098063098,0.010896719479324173,0.05800509504213208,0.017417605340008344,1
1,0.26482861932446405,0.16333755429380606,0.17271522036711687,0.2154690684373151,0.004384675680971977,0.04591155611180643,1
1,0.3497610300674109,0.018735618098389223,0.008202463972751867,0.07371310236013412,0.0022045855379188716,0.04887359198998749,1
1,0.12954310375575132,0.21013575153520414,0.3259428522155276,0.00677141542304911,0.3634626690182246,0.03888193575302462,2
1,0.09172700360238256,0.026224418937134918,0.02402535111072788,0.01664913549405036,0.004041740152851264,0.044263662911973305,1
1,0.02482433926596997,0.022371090505562134,0.0270217834161484,0.0006574189731115639,0.011610817166372722,0.0010221109720483937,1
